2026-01-01T00:00:16Z WARN api dropped job 7649
2026-01-01T00:00:39Z DEBUG parser scheduled record 8269
2026-01-01T00:00:53Z INFO cache retried job 6682
2026-01-01T00:01:20Z DEBUG ingest processed segment 1234
2026-01-01T00:01:38Z INFO cache flushed batch 1318
2026-01-01T00:01:46Z WARN parser validated chunk 5982
2026-01-01T00:02:02Z DEBUG api validated entry 5679
2026-01-01T00:02:04Z DEBUG parser retried chunk 4880
2026-01-01T00:02:07Z INFO cache scheduled chunk 9794
2026-01-01T00:02:38Z INFO api rejected job 2122
2026-01-01T00:02:59Z DEBUG parser processed task 3383
2026-01-01T00:03:07Z INFO cache rejected chunk 6650
2026-01-01T00:03:15Z INFO cache flushed request 7256
2026-01-01T00:03:48Z DEBUG ingest dropped batch 4934
2026-01-01T00:04:16Z WARN api queued batch 9095
2026-01-01T00:04:30Z INFO cache processed batch 2239
2026-01-01T00:04:59Z INFO scheduler scheduled segment 7075
2026-01-01T00:05:11Z DEBUG parser processed job 9315
2026-01-01T00:05:34Z INFO ingest rejected job 7966
2026-01-01T00:05:46Z ERROR cache validated entry 3349
2026-01-01T00:06:04Z DEBUG scheduler retried segment 1894
2026-01-01T00:06:24Z WARN ingest scheduled record 2152
2026-01-01T00:06:36Z INFO ingest retried segment 5098
2026-01-01T00:06:39Z INFO cache processed batch 9955
2026-01-01T00:06:41Z INFO api validated batch 4716
2026-01-01T00:07:03Z DEBUG scheduler dropped record 8450
2026-01-01T00:07:27Z DEBUG ingest scheduled segment 2867
2026-01-01T00:07:42Z WARN cache dropped batch 1237
2026-01-01T00:08:22Z WARN api queued batch 5831
2026-01-01T00:08:36Z INFO parser processed record 2861
2026-01-01T00:09:08Z DEBUG api scheduled task 8851
2026-01-01T00:09:45Z INFO parser retried record 5226
2026-01-01T00:10:12Z INFO cache scheduled segment 4514
2026-01-01T00:10:50Z DEBUG scheduler scheduled record 2622
2026-01-01T00:11:23Z DEBUG parser retried batch 406
2026-01-01T00:11:53Z DEBUG api queued request 2080
2026-01-01T00:12:32Z ERROR parser dropped job 3640
2026-01-01T00:13:08Z DEBUG scheduler scheduled record 2913
2026-01-01T00:13:18Z WARN ingest rejected request 8070
2026-01-01T00:13:43Z INFO ingest validated batch 8658
2026-01-01T00:14:14Z INFO scheduler queued task 6223
2026-01-01T00:14:25Z INFO scheduler processed request 3899
2026-01-01T00:14:54Z INFO parser dropped request 3300
2026-01-01T00:15:17Z WARN parser retried record 3447
2026-01-01T00:15:51Z INFO scheduler processed entry 9238
2026-01-01T00:16:27Z INFO api flushed chunk 6104
2026-01-01T00:16:34Z INFO parser processed entry 6951
2026-01-01T00:16:37Z ERROR cache validated segment 1192
2026-01-01T00:16:58Z DEBUG scheduler queued entry 433
2026-01-01T00:17:18Z INFO parser rejected record 5933
2026-01-01T00:17:29Z WARN scheduler scheduled record 470
2026-01-01T00:18:07Z WARN ingest queued batch 6977
2026-01-01T00:18:19Z INFO cache validated segment 2453
2026-01-01T00:18:59Z INFO parser validated chunk 5952
2026-01-01T00:19:19Z WARN cache validated record 7259
2026-01-01T00:19:41Z WARN api dropped chunk 3603
2026-01-01T00:20:04Z DEBUG ingest dropped entry 2793
2026-01-01T00:20:20Z INFO cache validated request 7263
2026-01-01T00:20:44Z INFO scheduler dropped batch 30
2026-01-01T00:21:22Z WARN ingest flushed batch 5785
2026-01-01T00:21:58Z DEBUG ingest retried record 677
2026-01-01T00:22:04Z WARN ingest dropped job 4127
2026-01-01T00:22:12Z INFO api flushed task 2656
2026-01-01T00:22:41Z DEBUG cache processed record 9691
2026-01-01T00:22:56Z INFO parser validated record 7003
2026-01-01T00:23:34Z DEBUG ingest flushed request 4310
2026-01-01T00:23:58Z INFO cache queued job 2662
2026-01-01T00:24:22Z INFO ingest validated batch 7862
2026-01-01T00:24:56Z INFO cache processed request 3887
2026-01-01T00:25:26Z INFO cache dropped chunk 4891
2026-01-01T00:25:34Z WARN scheduler queued record 5368
2026-01-01T00:25:53Z INFO parser queued request 6841
2026-01-01T00:26:32Z INFO cache retried entry 5268
2026-01-01T00:26:44Z INFO cache retried task 8356
2026-01-01T00:26:50Z DEBUG ingest queued chunk 7100
2026-01-01T00:27:15Z DEBUG parser validated chunk 5955
2026-01-01T00:27:45Z DEBUG ingest validated entry 6492
2026-01-01T00:27:54Z WARN parser scheduled chunk 2895
2026-01-01T00:28:34Z INFO cache scheduled segment 4278
2026-01-01T00:29:02Z INFO cache queued job 3980
2026-01-01T00:29:30Z INFO ingest rejected batch 4334
2026-01-01T00:30:09Z WARN api flushed chunk 755
2026-01-01T00:30:13Z INFO ingest retried request 3998
2026-01-01T00:30:14Z ERROR ingest retried request 1861
2026-01-01T00:30:52Z DEBUG api retried batch 6593
2026-01-01T00:31:02Z INFO parser retried entry 6699
2026-01-01T00:31:15Z ERROR api queued request 5904
2026-01-01T00:31:53Z INFO cache flushed job 6640
2026-01-01T00:32:29Z WARN cache scheduled segment 4289
2026-01-01T00:32:38Z DEBUG scheduler rejected chunk 1473
2026-01-01T00:32:46Z DEBUG api dropped job 2643
2026-01-01T00:33:07Z INFO api retried batch 7824
2026-01-01T00:33:30Z WARN api queued task 3582
2026-01-01T00:34:08Z INFO parser flushed entry 272
2026-01-01T00:34:47Z DEBUG ingest processed record 2041
2026-01-01T00:35:26Z WARN cache processed segment 7711
2026-01-01T00:35:55Z WARN api scheduled job 3548
2026-01-01T00:36:04Z WARN api dropped chunk 8655
2026-01-01T00:36:40Z WARN scheduler processed entry 8107
2026-01-01T00:36:57Z INFO parser retried request 6008
2026-01-01T00:37:25Z INFO parser queued segment 9211
2026-01-01T00:37:57Z INFO scheduler validated request 2166
2026-01-01T00:38:20Z DEBUG scheduler flushed entry 9142
2026-01-01T00:38:58Z INFO scheduler queued record 9292
2026-01-01T00:39:35Z WARN scheduler dropped segment 3879
2026-01-01T00:40:05Z INFO parser scheduled task 6394
2026-01-01T00:40:11Z WARN scheduler validated segment 3704
2026-01-01T00:40:33Z WARN scheduler flushed task 4701
2026-01-01T00:41:13Z WARN api dropped segment 9958
2026-01-01T00:41:34Z DEBUG scheduler flushed chunk 5702
2026-01-01T00:41:45Z DEBUG ingest flushed task 7107
2026-01-01T00:41:46Z DEBUG parser queued entry 6109
2026-01-01T00:41:50Z INFO cache dropped record 529
2026-01-01T00:42:28Z INFO parser scheduled batch 7225
2026-01-01T00:43:04Z INFO parser processed job 7478
2026-01-01T00:43:36Z INFO parser flushed entry 5719
2026-01-01T00:44:11Z INFO scheduler queued batch 7826
2026-01-01T00:44:37Z INFO api queued request 2841
2026-01-01T00:44:42Z WARN cache validated task 1368
2026-01-01T00:45:09Z WARN scheduler rejected task 8571
2026-01-01T00:45:22Z INFO api validated job 2211
2026-01-01T00:45:40Z DEBUG cache rejected record 4268
2026-01-01T00:45:56Z ERROR api processed task 4355
2026-01-01T00:46:18Z INFO parser scheduled chunk 7122
2026-01-01T00:46:47Z INFO cache dropped segment 1319
2026-01-01T00:46:59Z DEBUG cache rejected entry 2113
2026-01-01T00:47:21Z WARN api processed segment 2658
2026-01-01T00:47:49Z ERROR cache queued job 6137
2026-01-01T00:48:22Z INFO scheduler validated job 5462
2026-01-01T00:48:46Z DEBUG parser dropped record 66
2026-01-01T00:49:07Z WARN scheduler processed chunk 9605
2026-01-01T00:49:35Z ERROR scheduler dropped task 9702
2026-01-01T00:50:02Z INFO ingest validated task 5458
2026-01-01T00:50:18Z INFO api flushed task 5208
2026-01-01T00:50:22Z ERROR ingest dropped chunk 6409
2026-01-01T00:50:59Z INFO parser scheduled segment 7443
2026-01-01T00:51:22Z INFO api rejected segment 507
2026-01-01T00:51:25Z WARN parser validated entry 8383
2026-01-01T00:51:59Z WARN api flushed chunk 4427
2026-01-01T00:52:07Z WARN cache scheduled entry 1959
2026-01-01T00:52:27Z INFO parser flushed job 2849
2026-01-01T00:52:51Z INFO cache scheduled entry 8595
2026-01-01T00:53:13Z DEBUG api flushed request 5094
2026-01-01T00:53:38Z DEBUG ingest validated batch 3243
2026-01-01T00:53:52Z INFO ingest validated entry 3838
2026-01-01T00:54:25Z INFO scheduler flushed chunk 8591
2026-01-01T00:54:49Z INFO cache validated batch 6430
2026-01-01T00:55:01Z DEBUG ingest validated request 8939
2026-01-01T00:55:17Z INFO parser processed chunk 521
2026-01-01T00:55:27Z INFO ingest dropped job 4409
2026-01-01T00:55:35Z INFO scheduler validated chunk 6934
2026-01-01T00:56:10Z INFO ingest queued task 4964
2026-01-01T00:56:25Z INFO cache queued segment 7145
2026-01-01T00:56:28Z DEBUG ingest retried segment 3178
2026-01-01T00:57:00Z INFO parser retried segment 5415
2026-01-01T00:57:20Z INFO api processed segment 7210
2026-01-01T00:57:43Z INFO ingest validated record 2551
2026-01-01T00:58:09Z WARN cache dropped chunk 5205
2026-01-01T00:58:39Z WARN parser dropped batch 7701
2026-01-01T00:58:45Z INFO parser dropped request 9732
2026-01-01T00:58:57Z DEBUG cache rejected request 7613
2026-01-01T00:59:31Z INFO parser rejected entry 8977
2026-01-01T00:59:45Z INFO scheduler flushed batch 2495
2026-01-01T01:00:08Z ERROR cache dropped chunk 6932
2026-01-01T01:00:44Z INFO parser dropped segment 2156
2026-01-01T01:01:23Z DEBUG ingest queued batch 952
2026-01-01T01:01:59Z INFO scheduler queued segment 5309
2026-01-01T01:02:24Z INFO parser flushed job 9398
2026-01-01T01:02:37Z DEBUG parser processed segment 2576
2026-01-01T01:03:01Z INFO cache queued record 1576
2026-01-01T01:03:13Z INFO api flushed record 7025
2026-01-01T01:03:14Z INFO ingest flushed batch 4750
2026-01-01T01:03:47Z INFO ingest processed record 35
2026-01-01T01:04:17Z DEBUG ingest queued record 8063
2026-01-01T01:04:44Z INFO scheduler retried segment 9849
2026-01-01T01:04:49Z INFO ingest validated chunk 4281
2026-01-01T01:04:55Z INFO api scheduled chunk 6687
2026-01-01T01:05:03Z DEBUG parser dropped task 4957
2026-01-01T01:05:04Z INFO cache flushed segment 497
2026-01-01T01:05:34Z INFO scheduler retried job 2749
2026-01-01T01:06:10Z DEBUG ingest validated chunk 869
2026-01-01T01:06:49Z INFO parser processed chunk 5072
2026-01-01T01:07:19Z WARN parser validated entry 5506
2026-01-01T01:07:30Z INFO scheduler scheduled record 9887
2026-01-01T01:07:47Z WARN parser rejected segment 3701
2026-01-01T01:08:21Z DEBUG cache queued segment 9618
2026-01-01T01:08:47Z INFO scheduler validated batch 9244
2026-01-01T01:09:15Z DEBUG ingest flushed batch 8624
2026-01-01T01:09:25Z ERROR api flushed task 4105
2026-01-01T01:09:31Z DEBUG cache queued record 472
2026-01-01T01:09:36Z DEBUG api processed batch 9105
2026-01-01T01:09:43Z ERROR ingest rejected record 3352
2026-01-01T01:09:44Z ERROR cache dropped chunk 8741
2026-01-01T01:10:12Z INFO api validated entry 8662
2026-01-01T01:10:28Z DEBUG cache dropped task 5747
2026-01-01T01:10:48Z INFO api dropped job 567
2026-01-01T01:10:50Z INFO cache dropped task 9617
2026-01-01T01:11:20Z INFO cache dropped request 5651
2026-01-01T01:11:22Z INFO cache validated batch 2937
2026-01-01T01:11:40Z WARN cache queued chunk 2835
2026-01-01T01:11:46Z DEBUG api processed chunk 4142
2026-01-01T01:12:02Z INFO parser processed batch 9344
2026-01-01T01:12:22Z INFO cache validated segment 7024
2026-01-01T01:12:57Z DEBUG scheduler flushed entry 8304
2026-01-01T01:13:37Z INFO ingest validated chunk 4117
2026-01-01T01:13:40Z WARN parser processed task 8103
2026-01-01T01:14:19Z DEBUG parser scheduled segment 7813
2026-01-01T01:14:41Z INFO parser processed job 4939
2026-01-01T01:15:18Z INFO cache retried task 9422
2026-01-01T01:15:36Z DEBUG cache processed record 6664
2026-01-01T01:15:49Z DEBUG ingest rejected entry 8312
2026-01-01T01:15:56Z INFO ingest flushed entry 9678
2026-01-01T01:16:28Z INFO ingest scheduled request 5203
2026-01-01T01:16:39Z INFO api scheduled batch 2339
2026-01-01T01:16:57Z INFO api validated segment 3101
2026-01-01T01:17:22Z INFO scheduler processed job 8814
2026-01-01T01:17:44Z WARN ingest dropped job 5947
2026-01-01T01:18:24Z INFO api scheduled entry 3924
2026-01-01T01:18:39Z INFO cache scheduled request 7250
2026-01-01T01:19:12Z DEBUG scheduler flushed entry 4641
2026-01-01T01:19:16Z INFO ingest queued segment 257
2026-01-01T01:19:26Z WARN scheduler rejected segment 2953
2026-01-01T01:19:48Z DEBUG scheduler rejected segment 6691
2026-01-01T01:20:07Z INFO parser queued entry 1577
2026-01-01T01:20:17Z INFO scheduler validated record 2732
2026-01-01T01:20:42Z WARN ingest dropped job 203
2026-01-01T01:21:08Z DEBUG cache processed job 5367
2026-01-01T01:21:14Z ERROR ingest scheduled request 1102
2026-01-01T01:21:19Z DEBUG ingest dropped record 5783
2026-01-01T01:21:35Z DEBUG ingest rejected batch 8513
2026-01-01T01:22:01Z INFO scheduler flushed chunk 1414
2026-01-01T01:22:29Z INFO scheduler validated chunk 192
2026-01-01T01:22:49Z ERROR parser rejected task 1400
2026-01-01T01:22:59Z INFO parser validated batch 8287
2026-01-01T01:23:08Z WARN parser validated segment 2125
2026-01-01T01:23:45Z INFO cache retried job 4313
2026-01-01T01:23:54Z INFO ingest flushed entry 2662
2026-01-01T01:24:16Z DEBUG cache queued segment 3614
2026-01-01T01:24:21Z WARN cache processed segment 6990
2026-01-01T01:24:31Z INFO cache rejected entry 8392
2026-01-01T01:24:59Z INFO parser validated segment 1528
2026-01-01T01:25:13Z WARN parser queued segment 6128
2026-01-01T01:25:21Z DEBUG scheduler processed job 1074
2026-01-01T01:25:33Z ERROR api validated batch 2132
2026-01-01T01:25:43Z DEBUG parser scheduled chunk 3759
2026-01-01T01:25:50Z WARN scheduler retried job 2992
2026-01-01T01:26:05Z INFO ingest rejected entry 1257
2026-01-01T01:26:31Z WARN scheduler validated segment 9807
2026-01-01T01:27:10Z INFO parser queued record 2209
2026-01-01T01:27:13Z INFO parser scheduled segment 5967
2026-01-01T01:27:21Z INFO ingest queued batch 5125
2026-01-01T01:27:47Z INFO scheduler processed batch 2123
2026-01-01T01:28:25Z DEBUG cache processed request 5230
2026-01-01T01:28:41Z WARN parser scheduled record 2418
2026-01-01T01:29:08Z INFO ingest processed batch 1346
2026-01-01T01:29:28Z ERROR cache rejected request 896
2026-01-01T01:29:37Z INFO api flushed segment 4053
2026-01-01T01:29:48Z DEBUG cache processed job 8790
2026-01-01T01:30:21Z WARN cache rejected segment 3357
2026-01-01T01:30:35Z ERROR ingest validated request 6439
2026-01-01T01:30:46Z WARN ingest retried segment 4197
2026-01-01T01:30:58Z DEBUG api queued chunk 6490
2026-01-01T01:31:26Z WARN api queued record 690
2026-01-01T01:31:39Z INFO cache processed segment 3875
2026-01-01T01:32:02Z DEBUG ingest retried job 5969
2026-01-01T01:32:27Z DEBUG api validated task 9204
2026-01-01T01:32:45Z WARN parser flushed segment 3493
2026-01-01T01:33:03Z WARN cache scheduled task 9582
2026-01-01T01:33:33Z WARN parser dropped record 6467
2026-01-01T01:34:03Z DEBUG ingest queued batch 2635
2026-01-01T01:34:26Z DEBUG api validated request 9526
2026-01-01T01:34:38Z DEBUG cache scheduled request 5116
2026-01-01T01:34:42Z INFO cache queued task 1092
2026-01-01T01:35:13Z DEBUG cache processed request 920
2026-01-01T01:35:25Z WARN scheduler dropped entry 7200
2026-01-01T01:35:32Z INFO ingest dropped batch 7177
2026-01-01T01:35:44Z DEBUG api rejected request 4403
2026-01-01T01:35:52Z DEBUG ingest validated entry 3920
2026-01-01T01:36:17Z INFO ingest processed task 3704
2026-01-01T01:36:36Z WARN scheduler processed chunk 5261
2026-01-01T01:36:37Z INFO api retried record 5082
2026-01-01T01:37:08Z INFO parser retried chunk 5067
2026-01-01T01:37:29Z DEBUG ingest scheduled record 96
2026-01-01T01:37:48Z DEBUG scheduler retried chunk 2439
2026-01-01T01:37:51Z ERROR parser scheduled chunk 7553
2026-01-01T01:38:23Z DEBUG cache retried task 8301
2026-01-01T01:38:57Z DEBUG cache rejected segment 6756
2026-01-01T01:39:01Z WARN ingest dropped entry 3683
2026-01-01T01:39:14Z INFO api retried segment 7686
2026-01-01T01:39:37Z INFO parser retried segment 1403
2026-01-01T01:39:39Z DEBUG parser dropped record 2298
2026-01-01T01:40:12Z DEBUG scheduler dropped task 5220
2026-01-01T01:40:26Z WARN ingest processed chunk 8073
2026-01-01T01:40:52Z WARN cache retried chunk 5608
2026-01-01T01:41:11Z INFO scheduler dropped task 4666
2026-01-01T01:41:36Z ERROR api flushed record 5460
2026-01-01T01:41:51Z WARN parser validated record 6951
2026-01-01T01:42:09Z DEBUG scheduler rejected record 9227
2026-01-01T01:42:40Z INFO cache rejected task 9738
2026-01-01T01:43:11Z INFO parser scheduled job 7639
2026-01-01T01:43:38Z INFO api queued batch 193
2026-01-01T01:43:40Z INFO api dropped task 4011
2026-01-01T01:43:53Z DEBUG cache rejected request 4659
2026-01-01T01:44:09Z DEBUG parser queued chunk 9717
2026-01-01T01:44:24Z WARN ingest rejected entry 911
2026-01-01T01:45:02Z WARN ingest processed entry 6845
2026-01-01T01:45:05Z WARN api validated record 8911
2026-01-01T01:45:31Z WARN ingest scheduled request 5101
2026-01-01T01:46:11Z WARN ingest rejected batch 7522
2026-01-01T01:46:18Z INFO parser retried entry 2197
2026-01-01T01:46:21Z WARN ingest processed request 5238
2026-01-01T01:46:25Z ERROR api queued task 3925
2026-01-01T01:46:36Z WARN cache flushed job 1279
2026-01-01T01:46:47Z WARN ingest flushed job 1324
2026-01-01T01:47:25Z DEBUG ingest dropped task 7643
2026-01-01T01:47:56Z ERROR cache rejected batch 2030
2026-01-01T01:48:09Z DEBUG scheduler rejected record 2461
2026-01-01T01:48:26Z INFO scheduler queued entry 6094
2026-01-01T01:48:45Z INFO ingest dropped task 7473
2026-01-01T01:49:20Z DEBUG scheduler rejected record 8016
2026-01-01T01:49:32Z DEBUG api rejected request 6936
2026-01-01T01:50:09Z INFO ingest retried chunk 1332
2026-01-01T01:50:47Z INFO ingest rejected batch 4099
2026-01-01T01:51:02Z DEBUG ingest dropped entry 6951
2026-01-01T01:51:06Z ERROR ingest validated segment 7553
2026-01-01T01:51:10Z DEBUG scheduler rejected job 3454
2026-01-01T01:51:22Z INFO parser validated job 7871
2026-01-01T01:51:59Z INFO api validated task 1232
2026-01-01T01:52:02Z DEBUG ingest flushed request 1446
2026-01-01T01:52:32Z INFO api flushed batch 4933
2026-01-01T01:53:00Z INFO cache dropped record 2571
2026-01-01T01:53:03Z INFO parser dropped segment 6748
2026-01-01T01:53:27Z DEBUG ingest rejected request 230
2026-01-01T01:53:32Z DEBUG cache processed entry 8484
2026-01-01T01:53:42Z INFO api rejected chunk 8913
2026-01-01T01:53:45Z INFO scheduler dropped job 9939
2026-01-01T01:53:46Z DEBUG scheduler dropped request 8988
2026-01-01T01:54:13Z INFO cache processed request 658
2026-01-01T01:54:41Z DEBUG api rejected record 2806
2026-01-01T01:54:49Z WARN ingest flushed task 4254
2026-01-01T01:55:11Z DEBUG ingest processed job 373
2026-01-01T01:55:18Z DEBUG parser queued segment 4513
2026-01-01T01:55:51Z DEBUG scheduler validated segment 7083
2026-01-01T01:56:09Z DEBUG cache retried chunk 9861
2026-01-01T01:56:32Z DEBUG parser flushed request 2959
2026-01-01T01:56:42Z INFO parser dropped task 7507
2026-01-01T01:56:45Z INFO ingest retried job 467
2026-01-01T01:57:07Z WARN parser queued job 7779
2026-01-01T01:57:34Z INFO api retried chunk 2214
2026-01-01T01:57:54Z INFO api dropped chunk 658
2026-01-01T01:58:07Z ERROR scheduler processed record 8373
2026-01-01T01:58:41Z INFO scheduler processed record 2100
2026-01-01T01:59:12Z INFO scheduler queued job 1927
2026-01-01T01:59:13Z INFO ingest dropped entry 7013
2026-01-01T01:59:30Z WARN scheduler retried chunk 6981
2026-01-01T01:59:52Z DEBUG cache rejected request 2207
2026-01-01T02:00:13Z INFO api retried request 4811
2026-01-01T02:00:27Z DEBUG ingest validated entry 5743
2026-01-01T02:00:47Z DEBUG parser validated chunk 7646
2026-01-01T02:00:55Z DEBUG ingest processed job 7357
2026-01-01T02:01:08Z INFO scheduler rejected request 3347
2026-01-01T02:01:14Z INFO scheduler rejected job 4072
2026-01-01T02:01:17Z WARN parser scheduled request 7674
2026-01-01T02:01:26Z INFO scheduler dropped batch 2043
2026-01-01T02:01:39Z DEBUG scheduler queued batch 7623
2026-01-01T02:01:59Z ERROR ingest retried batch 1994
2026-01-01T02:02:34Z DEBUG parser retried record 7436
2026-01-01T02:03:06Z DEBUG scheduler flushed record 6145
2026-01-01T02:03:37Z ERROR ingest retried job 6362
2026-01-01T02:04:12Z INFO api retried batch 6187
2026-01-01T02:04:40Z DEBUG cache retried job 4404
2026-01-01T02:05:12Z DEBUG ingest rejected task 8472
2026-01-01T02:05:32Z DEBUG cache rejected entry 7003
2026-01-01T02:05:46Z INFO api scheduled segment 4740
2026-01-01T02:06:07Z INFO scheduler scheduled batch 218
2026-01-01T02:06:42Z WARN cache flushed task 5569
2026-01-01T02:07:09Z ERROR api queued segment 1603
2026-01-01T02:07:46Z INFO cache queued job 1324
2026-01-01T02:07:49Z INFO api dropped chunk 629
2026-01-01T02:08:23Z DEBUG cache dropped chunk 9754
2026-01-01T02:08:33Z WARN ingest dropped batch 4833
2026-01-01T02:08:59Z DEBUG cache flushed task 4323
2026-01-01T02:09:31Z DEBUG ingest queued task 8521
2026-01-01T02:09:32Z INFO api dropped request 5813
2026-01-01T02:09:57Z DEBUG api queued segment 2861
2026-01-01T02:10:18Z INFO parser flushed job 8858
2026-01-01T02:10:55Z INFO api retried segment 2336
2026-01-01T02:11:26Z INFO parser retried task 9564
2026-01-01T02:11:59Z WARN parser rejected task 5777
2026-01-01T02:12:28Z DEBUG ingest rejected task 7493
2026-01-01T02:12:29Z INFO cache retried request 4152
2026-01-01T02:12:35Z INFO api processed record 8796
2026-01-01T02:13:13Z INFO cache validated request 9405
2026-01-01T02:13:46Z INFO cache flushed entry 2477
2026-01-01T02:13:47Z DEBUG cache flushed job 9943
2026-01-01T02:14:10Z DEBUG api queued batch 5440
2026-01-01T02:14:28Z WARN ingest retried request 1520
2026-01-01T02:14:53Z INFO api rejected task 3325
2026-01-01T02:15:27Z INFO api retried job 7384
2026-01-01T02:16:06Z INFO cache flushed chunk 6139
2026-01-01T02:16:37Z INFO cache scheduled entry 7089
2026-01-01T02:16:51Z INFO ingest dropped chunk 2406
2026-01-01T02:17:06Z INFO parser flushed segment 9673
2026-01-01T02:17:07Z INFO cache dropped job 2492
2026-01-01T02:17:34Z WARN cache processed task 3753
2026-01-01T02:18:12Z WARN ingest validated chunk 8953
2026-01-01T02:18:19Z DEBUG ingest processed record 7566
2026-01-01T02:18:30Z DEBUG api flushed chunk 5784
2026-01-01T02:19:01Z INFO ingest dropped segment 3557
2026-01-01T02:19:12Z INFO scheduler dropped segment 3247
2026-01-01T02:19:27Z INFO scheduler scheduled job 4731
2026-01-01T02:20:04Z INFO scheduler queued job 4283
2026-01-01T02:20:39Z WARN parser rejected request 5796
2026-01-01T02:21:10Z WARN cache retried record 8126
2026-01-01T02:21:40Z DEBUG api validated task 409
2026-01-01T02:21:52Z INFO parser queued task 3008
2026-01-01T02:22:21Z DEBUG cache queued segment 3742
2026-01-01T02:22:34Z ERROR scheduler retried segment 5412
2026-01-01T02:22:54Z DEBUG ingest retried entry 1868
2026-01-01T02:23:28Z DEBUG scheduler validated task 2475
2026-01-01T02:23:32Z DEBUG ingest flushed task 6171
2026-01-01T02:24:04Z DEBUG parser dropped chunk 1115
2026-01-01T02:24:14Z WARN api retried batch 1278
2026-01-01T02:24:42Z INFO cache scheduled batch 5692
2026-01-01T02:25:15Z INFO ingest scheduled request 4764
2026-01-01T02:25:19Z DEBUG parser retried segment 7454
2026-01-01T02:25:49Z DEBUG cache validated record 1511
2026-01-01T02:26:02Z DEBUG ingest dropped job 8731
2026-01-01T02:26:08Z INFO cache retried job 9728
2026-01-01T02:26:15Z DEBUG scheduler flushed job 9857
2026-01-01T02:26:25Z INFO api validated task 6649
2026-01-01T02:26:58Z ERROR cache queued segment 3049
2026-01-01T02:27:06Z DEBUG scheduler scheduled entry 8535
2026-01-01T02:27:40Z ERROR scheduler validated chunk 8295
2026-01-01T02:28:14Z INFO api queued job 2131
2026-01-01T02:28:41Z INFO cache processed chunk 291
2026-01-01T02:28:42Z INFO ingest queued request 1215
2026-01-01T02:29:20Z INFO parser processed chunk 8311
2026-01-01T02:29:41Z DEBUG api dropped segment 1138
2026-01-01T02:30:05Z DEBUG api rejected task 126
2026-01-01T02:30:40Z INFO api flushed task 5050
2026-01-01T02:31:18Z DEBUG api rejected job 151
2026-01-01T02:31:28Z DEBUG api scheduled chunk 1383
2026-01-01T02:31:57Z DEBUG parser scheduled record 5700
2026-01-01T02:32:07Z ERROR cache queued job 5085
2026-01-01T02:32:16Z INFO cache validated batch 2763
2026-01-01T02:32:54Z WARN ingest processed segment 941
2026-01-01T02:33:09Z INFO cache validated request 2578
2026-01-01T02:33:13Z WARN api dropped segment 7581
2026-01-01T02:33:40Z ERROR parser queued job 3613
2026-01-01T02:34:09Z WARN scheduler retried segment 3124
2026-01-01T02:34:31Z INFO scheduler validated record 7725
2026-01-01T02:34:56Z INFO scheduler validated segment 2727
2026-01-01T02:35:34Z INFO parser validated batch 5974
2026-01-01T02:35:48Z INFO api processed task 4989
2026-01-01T02:35:52Z INFO ingest dropped task 2570
2026-01-01T02:36:20Z INFO api processed job 6294
2026-01-01T02:36:41Z INFO parser dropped job 196
2026-01-01T02:37:13Z INFO scheduler queued request 9008
2026-01-01T02:37:22Z INFO ingest retried entry 7398
2026-01-01T02:37:27Z INFO ingest rejected record 8281
2026-01-01T02:37:47Z INFO cache scheduled entry 4602
2026-01-01T02:38:03Z INFO cache processed segment 1624
2026-01-01T02:38:15Z DEBUG ingest processed entry 1278
2026-01-01T02:38:18Z WARN api processed batch 8570
2026-01-01T02:38:31Z DEBUG api processed request 6221
2026-01-01T02:38:42Z WARN scheduler rejected job 5287
2026-01-01T02:39:20Z DEBUG scheduler flushed segment 3308
2026-01-01T02:39:59Z DEBUG scheduler validated chunk 8035
2026-01-01T02:40:17Z INFO cache validated task 4708
2026-01-01T02:40:30Z DEBUG cache scheduled record 5409
2026-01-01T02:40:54Z INFO ingest queued segment 1822
2026-01-01T02:41:14Z INFO ingest queued segment 9128
2026-01-01T02:41:47Z WARN parser rejected batch 8202
2026-01-01T02:42:12Z DEBUG api processed batch 7251
2026-01-01T02:42:41Z INFO scheduler flushed entry 34
2026-01-01T02:42:47Z ERROR scheduler dropped segment 3611
2026-01-01T02:43:19Z INFO ingest flushed request 1171
2026-01-01T02:43:20Z WARN cache processed chunk 2091
2026-01-01T02:43:22Z INFO scheduler dropped batch 1612
2026-01-01T02:43:50Z WARN ingest processed chunk 7552
2026-01-01T02:44:10Z WARN parser rejected chunk 6908
2026-01-01T02:44:49Z INFO scheduler queued entry 6227
2026-01-01T02:45:10Z INFO api dropped segment 6213
2026-01-01T02:45:41Z INFO api processed batch 9107
2026-01-01T02:45:52Z DEBUG ingest retried segment 2330
2026-01-01T02:46:09Z INFO parser processed segment 1279
2026-01-01T02:46:28Z INFO parser queued segment 7980
2026-01-01T02:47:01Z DEBUG cache validated entry 4125
2026-01-01T02:47:12Z INFO cache validated batch 2533
2026-01-01T02:47:16Z DEBUG ingest dropped batch 6742
2026-01-01T02:47:17Z WARN api scheduled record 8714
2026-01-01T02:47:49Z INFO scheduler validated chunk 6262
2026-01-01T02:48:08Z INFO api retried job 9295
2026-01-01T02:48:27Z INFO scheduler rejected record 4415
2026-01-01T02:48:59Z INFO ingest rejected request 983
2026-01-01T02:49:25Z DEBUG ingest dropped chunk 1719
2026-01-01T02:49:35Z INFO ingest retried chunk 8714
2026-01-01T02:49:36Z DEBUG api validated job 475
2026-01-01T02:49:40Z INFO api processed record 717
2026-01-01T02:49:59Z INFO ingest flushed record 5897
2026-01-01T02:50:10Z WARN cache processed chunk 5760
2026-01-01T02:50:28Z WARN scheduler rejected record 1690
2026-01-01T02:50:58Z DEBUG scheduler flushed job 151
2026-01-01T02:51:35Z WARN scheduler processed request 8816
2026-01-01T02:51:56Z INFO ingest processed entry 3658
2026-01-01T02:52:32Z DEBUG api flushed batch 9538
2026-01-01T02:52:59Z DEBUG cache flushed job 4238
2026-01-01T02:53:07Z INFO cache dropped entry 2804
2026-01-01T02:53:39Z WARN scheduler processed request 742
2026-01-01T02:53:40Z DEBUG scheduler flushed request 997
2026-01-01T02:54:06Z INFO scheduler dropped request 2185
2026-01-01T02:54:29Z INFO scheduler scheduled request 6497
2026-01-01T02:55:07Z WARN ingest flushed task 8567
2026-01-01T02:55:18Z DEBUG parser rejected batch 109
2026-01-01T02:55:38Z DEBUG ingest processed request 3521
2026-01-01T02:56:17Z DEBUG parser processed segment 2262
2026-01-01T02:56:49Z ERROR scheduler queued entry 1990
2026-01-01T02:57:28Z DEBUG scheduler rejected batch 8749
2026-01-01T02:57:46Z WARN parser scheduled segment 3176
2026-01-01T02:57:51Z WARN cache rejected task 8066
2026-01-01T02:58:19Z INFO ingest scheduled task 1141
2026-01-01T02:58:56Z WARN cache validated request 8221
2026-01-01T02:59:21Z WARN ingest dropped task 7863
2026-01-01T02:59:28Z INFO cache queued entry 8525
2026-01-01T03:00:06Z DEBUG scheduler validated chunk 7893
2026-01-01T03:00:22Z DEBUG cache processed task 2981
2026-01-01T03:00:44Z DEBUG scheduler validated segment 717
2026-01-01T03:00:56Z WARN scheduler rejected segment 417
2026-01-01T03:00:58Z WARN parser flushed record 6621
2026-01-01T03:01:05Z DEBUG scheduler validated record 1010
2026-01-01T03:01:14Z DEBUG scheduler validated request 5071
2026-01-01T03:01:20Z WARN ingest flushed record 4945
2026-01-01T03:01:57Z DEBUG ingest processed batch 8768
2026-01-01T03:02:22Z DEBUG api rejected record 9483
2026-01-01T03:02:36Z DEBUG parser dropped record 1037
2026-01-01T03:02:38Z INFO api retried segment 5335
2026-01-01T03:03:18Z DEBUG api rejected task 3606
2026-01-01T03:03:37Z DEBUG api retried entry 1707
2026-01-01T03:03:41Z DEBUG api processed task 2075
2026-01-01T03:03:48Z WARN parser flushed record 4681
2026-01-01T03:03:51Z INFO cache scheduled segment 5901
2026-01-01T03:03:58Z WARN cache retried request 1118
2026-01-01T03:04:28Z DEBUG scheduler dropped record 3538
2026-01-01T03:05:04Z WARN ingest retried segment 1530
2026-01-01T03:05:11Z DEBUG scheduler processed entry 5912
2026-01-01T03:05:13Z DEBUG api validated record 3587
2026-01-01T03:05:46Z INFO parser queued segment 4103
2026-01-01T03:06:10Z DEBUG scheduler dropped segment 9178
2026-01-01T03:06:36Z INFO cache rejected segment 5748
2026-01-01T03:06:55Z WARN api validated job 1889
2026-01-01T03:07:35Z INFO scheduler scheduled request 5255
2026-01-01T03:08:12Z INFO scheduler rejected chunk 9752
2026-01-01T03:08:40Z DEBUG api rejected job 1784
2026-01-01T03:08:54Z WARN api dropped job 8433
2026-01-01T03:09:10Z DEBUG api queued entry 9339
2026-01-01T03:09:14Z INFO parser rejected batch 4875
2026-01-01T03:09:29Z DEBUG ingest rejected record 5050
2026-01-01T03:10:09Z DEBUG parser queued task 3981
2026-01-01T03:10:47Z INFO api validated request 1968
2026-01-01T03:11:22Z INFO ingest queued chunk 3863
2026-01-01T03:11:29Z ERROR scheduler queued batch 2325
2026-01-01T03:12:02Z INFO parser rejected request 934
2026-01-01T03:12:05Z WARN cache rejected request 9231
2026-01-01T03:12:27Z INFO parser dropped record 9997
2026-01-01T03:12:42Z INFO scheduler dropped chunk 5088
2026-01-01T03:13:07Z WARN cache retried segment 2015
2026-01-01T03:13:21Z INFO parser queued task 5868
2026-01-01T03:13:32Z WARN scheduler rejected job 9670
2026-01-01T03:14:08Z DEBUG api queued request 6670
2026-01-01T03:14:34Z INFO parser dropped job 3038
2026-01-01T03:15:02Z INFO cache validated job 8652
2026-01-01T03:15:29Z INFO cache queued request 1909
2026-01-01T03:15:53Z INFO ingest queued record 2537
2026-01-01T03:16:08Z DEBUG ingest rejected segment 6058
2026-01-01T03:16:30Z DEBUG parser validated job 7280
2026-01-01T03:17:02Z DEBUG ingest flushed chunk 7901
2026-01-01T03:17:39Z INFO api validated task 2143
2026-01-01T03:17:42Z WARN ingest validated segment 7602
2026-01-01T03:18:18Z DEBUG scheduler queued request 127
2026-01-01T03:18:52Z INFO cache dropped entry 447
2026-01-01T03:19:10Z DEBUG api retried entry 7990
2026-01-01T03:19:14Z ERROR cache dropped batch 9547
2026-01-01T03:19:49Z WARN cache scheduled job 2385
2026-01-01T03:20:14Z INFO cache scheduled record 7311
2026-01-01T03:20:21Z DEBUG parser processed entry 8039
2026-01-01T03:20:23Z DEBUG api retried chunk 1386
2026-01-01T03:21:01Z INFO api queued job 8171
2026-01-01T03:21:04Z WARN cache scheduled request 4205
2026-01-01T03:21:41Z INFO parser rejected segment 5593
2026-01-01T03:21:43Z INFO api processed task 9965
2026-01-01T03:22:06Z INFO parser scheduled request 8729
2026-01-01T03:22:32Z INFO cache dropped batch 8244
2026-01-01T03:22:40Z ERROR parser processed chunk 3906
2026-01-01T03:22:41Z ERROR api dropped chunk 7309
2026-01-01T03:23:17Z ERROR cache dropped chunk 1228
2026-01-01T03:23:51Z INFO api processed entry 2010
2026-01-01T03:24:29Z WARN parser queued segment 6835
2026-01-01T03:24:40Z DEBUG cache flushed batch 3947
2026-01-01T03:24:56Z WARN api dropped task 1460
2026-01-01T03:25:07Z INFO ingest scheduled entry 6940
2026-01-01T03:25:26Z INFO api queued entry 8260
2026-01-01T03:25:42Z DEBUG ingest queued segment 4563
2026-01-01T03:25:59Z INFO api dropped record 8902
2026-01-01T03:26:14Z DEBUG parser scheduled record 7484
2026-01-01T03:26:40Z INFO ingest processed batch 3504
2026-01-01T03:27:01Z INFO parser flushed record 5433
2026-01-01T03:27:20Z INFO ingest retried chunk 8691
2026-01-01T03:27:22Z INFO api scheduled chunk 1542
2026-01-01T03:27:37Z DEBUG scheduler dropped chunk 7407
2026-01-01T03:28:01Z WARN parser processed record 7140
2026-01-01T03:28:19Z WARN scheduler rejected batch 6768
2026-01-01T03:28:44Z INFO cache dropped segment 590
2026-01-01T03:29:07Z WARN cache dropped chunk 9416
2026-01-01T03:29:17Z INFO cache queued request 8095
2026-01-01T03:29:55Z INFO api scheduled chunk 8073
2026-01-01T03:30:13Z INFO cache flushed task 9920
2026-01-01T03:30:23Z INFO parser queued record 370
2026-01-01T03:30:54Z WARN api validated job 200
2026-01-01T03:31:33Z INFO parser validated record 142
2026-01-01T03:32:02Z DEBUG api retried chunk 8483
2026-01-01T03:32:12Z INFO scheduler dropped task 9345
2026-01-01T03:32:38Z INFO ingest rejected job 3772
2026-01-01T03:32:48Z DEBUG cache scheduled request 2854
2026-01-01T03:33:13Z DEBUG cache dropped task 8675
2026-01-01T03:33:23Z WARN ingest retried segment 5568
2026-01-01T03:33:29Z DEBUG ingest rejected chunk 3805
2026-01-01T03:34:03Z DEBUG scheduler processed entry 7009
2026-01-01T03:34:35Z INFO scheduler flushed segment 3679
2026-01-01T03:34:57Z WARN ingest validated record 6882
2026-01-01T03:35:26Z WARN ingest flushed request 4656
2026-01-01T03:36:04Z INFO api processed chunk 603
2026-01-01T03:36:20Z DEBUG api queued task 1591
2026-01-01T03:36:23Z INFO cache rejected chunk 1606
2026-01-01T03:36:41Z DEBUG api queued batch 9029
2026-01-01T03:37:13Z INFO cache processed chunk 4046
2026-01-01T03:37:42Z INFO cache queued entry 2824
2026-01-01T03:38:12Z INFO cache dropped entry 8267
2026-01-01T03:38:15Z INFO parser dropped batch 3876
2026-01-01T03:38:24Z INFO scheduler scheduled job 91
2026-01-01T03:38:39Z INFO cache queued task 1716
2026-01-01T03:38:45Z WARN scheduler processed job 5474
2026-01-01T03:39:04Z DEBUG cache flushed record 8303
2026-01-01T03:39:10Z ERROR cache dropped request 7193
2026-01-01T03:39:12Z INFO cache flushed task 9436
2026-01-01T03:39:49Z ERROR ingest queued batch 5002
2026-01-01T03:39:54Z INFO parser flushed job 1493
2026-01-01T03:40:18Z INFO scheduler dropped segment 2382
2026-01-01T03:40:21Z INFO cache scheduled task 7544
2026-01-01T03:40:27Z INFO ingest dropped chunk 8332
2026-01-01T03:40:31Z INFO cache validated chunk 2067
2026-01-01T03:40:44Z DEBUG parser rejected segment 7370
2026-01-01T03:41:07Z INFO ingest dropped request 1527
2026-01-01T03:41:23Z INFO cache queued record 7242
2026-01-01T03:41:35Z WARN parser queued job 5702
2026-01-01T03:41:58Z INFO parser dropped entry 454
2026-01-01T03:42:03Z INFO cache dropped record 3016
2026-01-01T03:42:24Z DEBUG parser scheduled task 5149
2026-01-01T03:42:57Z WARN ingest validated batch 619
2026-01-01T03:43:30Z INFO cache retried task 8905
2026-01-01T03:43:31Z DEBUG ingest dropped job 1188
2026-01-01T03:43:39Z INFO parser retried entry 5829
2026-01-01T03:44:06Z INFO cache flushed chunk 4259
2026-01-01T03:44:10Z INFO scheduler retried segment 5816
2026-01-01T03:44:11Z WARN api flushed task 4674
2026-01-01T03:44:24Z WARN api scheduled record 6603
2026-01-01T03:45:02Z DEBUG api rejected task 1986
2026-01-01T03:45:17Z INFO cache scheduled entry 3308
2026-01-01T03:45:29Z DEBUG parser rejected request 8198
2026-01-01T03:45:49Z DEBUG cache queued batch 2663
2026-01-01T03:45:50Z INFO ingest processed record 2629
2026-01-01T03:46:19Z DEBUG api processed task 3931
2026-01-01T03:46:22Z WARN cache processed request 1588
2026-01-01T03:46:57Z INFO cache flushed request 5006
2026-01-01T03:47:28Z INFO api validated task 9696
2026-01-01T03:47:54Z DEBUG parser queued entry 8679
2026-01-01T03:47:56Z DEBUG api dropped request 6138
2026-01-01T03:48:08Z DEBUG parser scheduled job 6593
2026-01-01T03:48:14Z DEBUG ingest queued batch 8581
2026-01-01T03:48:30Z INFO ingest dropped task 4979
2026-01-01T03:48:54Z WARN parser validated task 8010
2026-01-01T03:49:25Z DEBUG parser validated batch 7998
2026-01-01T03:49:46Z DEBUG scheduler rejected entry 8607
2026-01-01T03:49:52Z WARN scheduler retried record 282
2026-01-01T03:50:31Z DEBUG scheduler retried batch 2555
2026-01-01T03:51:07Z DEBUG cache queued request 3846
2026-01-01T03:51:38Z INFO parser rejected record 1491
2026-01-01T03:52:13Z DEBUG api queued batch 712
2026-01-01T03:52:45Z INFO parser validated task 2638
2026-01-01T03:53:17Z DEBUG parser flushed segment 7448
2026-01-01T03:53:34Z DEBUG api rejected chunk 1543
2026-01-01T03:53:59Z INFO api queued request 1988
2026-01-01T03:54:38Z DEBUG ingest scheduled batch 8609
2026-01-01T03:55:09Z DEBUG api dropped job 3402
2026-01-01T03:55:26Z INFO api queued job 660
2026-01-01T03:56:04Z ERROR cache flushed entry 3108
2026-01-01T03:56:27Z ERROR scheduler processed batch 4569
2026-01-01T03:56:45Z INFO cache dropped chunk 5855
2026-01-01T03:56:51Z INFO api scheduled job 4976
2026-01-01T03:57:30Z DEBUG scheduler retried segment 978
2026-01-01T03:58:01Z WARN ingest flushed request 5868
2026-01-01T03:58:34Z WARN scheduler scheduled chunk 2450
2026-01-01T03:59:01Z DEBUG parser validated task 9763
2026-01-01T03:59:16Z INFO ingest retried task 2016
2026-01-01T03:59:21Z WARN parser validated task 7816
2026-01-01T03:59:29Z DEBUG cache rejected job 8055
2026-01-01T03:59:55Z DEBUG cache processed segment 6994
2026-01-01T04:00:26Z INFO cache validated record 4003
2026-01-01T04:00:56Z DEBUG scheduler scheduled entry 9519
2026-01-01T04:01:08Z WARN parser rejected job 1198
2026-01-01T04:01:13Z INFO scheduler validated request 8710
2026-01-01T04:01:15Z ERROR ingest retried job 7372
2026-01-01T04:01:51Z DEBUG scheduler rejected segment 2874
2026-01-01T04:02:20Z DEBUG ingest retried task 3766
2026-01-01T04:02:23Z INFO api validated record 7661
2026-01-01T04:02:28Z WARN ingest scheduled job 4199
2026-01-01T04:02:47Z INFO api dropped request 6113
2026-01-01T04:02:54Z ERROR ingest rejected request 1679
2026-01-01T04:03:00Z WARN parser scheduled record 216
2026-01-01T04:03:35Z INFO cache dropped chunk 8290
2026-01-01T04:03:46Z INFO ingest validated request 1543
2026-01-01T04:03:49Z WARN api rejected entry 1371
2026-01-01T04:04:06Z DEBUG scheduler dropped batch 2698
2026-01-01T04:04:15Z INFO api queued record 3977
2026-01-01T04:04:39Z ERROR ingest dropped entry 4836
2026-01-01T04:04:52Z WARN scheduler processed batch 4415
2026-01-01T04:05:18Z DEBUG scheduler queued segment 3311
2026-01-01T04:05:25Z DEBUG ingest scheduled chunk 1337
2026-01-01T04:06:00Z INFO api rejected record 6801
2026-01-01T04:06:24Z DEBUG parser queued batch 3490
2026-01-01T04:07:03Z DEBUG api retried job 1046
2026-01-01T04:07:32Z ERROR parser queued record 9932
2026-01-01T04:08:07Z INFO cache flushed batch 8821
2026-01-01T04:08:46Z DEBUG ingest queued record 9327
2026-01-01T04:08:57Z INFO parser dropped task 5725
2026-01-01T04:08:58Z INFO cache validated task 9664
2026-01-01T04:09:30Z WARN ingest processed entry 7323
2026-01-01T04:09:56Z INFO cache scheduled segment 3956
2026-01-01T04:09:57Z DEBUG ingest validated record 2621
2026-01-01T04:10:35Z INFO parser scheduled segment 2717
2026-01-01T04:11:02Z INFO parser processed entry 9724
2026-01-01T04:11:35Z INFO ingest dropped request 537
2026-01-01T04:11:55Z INFO ingest processed job 6798
2026-01-01T04:12:03Z INFO scheduler processed record 9611
2026-01-01T04:12:19Z INFO ingest processed record 5904
2026-01-01T04:12:50Z INFO ingest processed chunk 8026
2026-01-01T04:13:14Z WARN api rejected segment 8845
2026-01-01T04:13:26Z DEBUG cache flushed task 5108
2026-01-01T04:13:40Z INFO cache scheduled request 6953
2026-01-01T04:13:48Z ERROR scheduler processed chunk 7802
2026-01-01T04:13:58Z DEBUG api flushed task 4205
2026-01-01T04:14:31Z DEBUG scheduler queued chunk 3452
2026-01-01T04:14:32Z INFO scheduler validated chunk 4077
2026-01-01T04:14:47Z WARN ingest validated request 4679
2026-01-01T04:15:22Z INFO api scheduled job 734
2026-01-01T04:15:30Z ERROR ingest dropped job 9809
2026-01-01T04:15:56Z INFO cache queued task 8785
2026-01-01T04:16:24Z WARN cache flushed entry 2502
2026-01-01T04:16:31Z INFO ingest processed entry 4429
2026-01-01T04:16:35Z INFO parser rejected batch 9845
2026-01-01T04:17:03Z DEBUG parser validated entry 3000
2026-01-01T04:17:10Z INFO cache validated task 9766
2026-01-01T04:17:34Z DEBUG scheduler flushed entry 3968
2026-01-01T04:17:47Z INFO api flushed job 1931
2026-01-01T04:18:16Z WARN cache validated chunk 2255
2026-01-01T04:18:17Z DEBUG scheduler rejected batch 796
2026-01-01T04:18:46Z DEBUG parser flushed record 4993
2026-01-01T04:19:00Z INFO api scheduled batch 274
2026-01-01T04:19:16Z WARN ingest validated chunk 5798
2026-01-01T04:19:23Z DEBUG parser rejected batch 203
2026-01-01T04:19:28Z INFO api processed job 3023
2026-01-01T04:19:33Z INFO parser processed segment 5034
2026-01-01T04:19:41Z WARN scheduler queued request 1704
2026-01-01T04:20:00Z DEBUG api processed batch 1655
2026-01-01T04:20:04Z INFO cache dropped segment 9991
2026-01-01T04:20:23Z INFO ingest dropped chunk 7079
2026-01-01T04:20:33Z ERROR cache queued segment 7555
2026-01-01T04:20:50Z DEBUG ingest processed job 7192
2026-01-01T04:21:23Z ERROR ingest processed segment 2846
2026-01-01T04:22:03Z INFO scheduler queued record 9399
2026-01-01T04:22:43Z WARN scheduler retried request 9918
2026-01-01T04:22:54Z INFO scheduler rejected record 4832
2026-01-01T04:23:26Z INFO ingest dropped entry 9563
2026-01-01T04:23:49Z INFO api validated entry 8229
2026-01-01T04:23:50Z INFO api flushed job 1738
2026-01-01T04:24:02Z WARN scheduler flushed job 7940
2026-01-01T04:24:20Z DEBUG cache scheduled entry 1793
2026-01-01T04:24:54Z INFO scheduler scheduled task 2743
2026-01-01T04:25:16Z INFO api retried chunk 2440
2026-01-01T04:25:45Z DEBUG ingest processed job 4380
2026-01-01T04:26:13Z DEBUG scheduler flushed record 4092
2026-01-01T04:26:23Z DEBUG scheduler scheduled chunk 2678
2026-01-01T04:26:42Z WARN ingest scheduled record 3001
2026-01-01T04:27:21Z ERROR ingest flushed job 287
2026-01-01T04:27:52Z DEBUG api processed entry 7106
2026-01-01T04:28:06Z ERROR parser dropped record 1666
2026-01-01T04:28:15Z WARN cache validated segment 1420
2026-01-01T04:28:43Z WARN scheduler retried chunk 7689
2026-01-01T04:28:58Z INFO cache rejected segment 7044
2026-01-01T04:29:07Z DEBUG ingest flushed job 1349
2026-01-01T04:29:22Z INFO ingest flushed task 3602
2026-01-01T04:29:28Z DEBUG api scheduled chunk 4345
2026-01-01T04:30:00Z ERROR parser flushed entry 7098
2026-01-01T04:30:07Z ERROR parser rejected record 616
2026-01-01T04:30:20Z WARN parser rejected batch 8032
2026-01-01T04:30:55Z DEBUG parser dropped request 5841
2026-01-01T04:31:12Z DEBUG api retried task 11
2026-01-01T04:31:16Z INFO ingest retried job 7639
2026-01-01T04:31:44Z INFO api rejected segment 742
2026-01-01T04:32:11Z DEBUG cache flushed batch 1343
2026-01-01T04:32:46Z DEBUG parser retried job 6934
2026-01-01T04:33:16Z INFO ingest flushed task 2166
2026-01-01T04:33:48Z ERROR cache retried entry 8103
2026-01-01T04:34:19Z INFO ingest scheduled entry 569
2026-01-01T04:34:24Z WARN scheduler validated request 2957
2026-01-01T04:34:35Z ERROR parser retried batch 1734
2026-01-01T04:35:01Z INFO cache validated segment 5238
2026-01-01T04:35:30Z DEBUG parser queued task 5141
2026-01-01T04:35:37Z INFO scheduler queued segment 1007
2026-01-01T04:36:13Z INFO scheduler processed record 2252
2026-01-01T04:36:38Z INFO parser flushed job 8503
2026-01-01T04:37:05Z INFO api flushed task 3541
2026-01-01T04:37:22Z DEBUG cache processed job 7220
2026-01-01T04:37:28Z INFO cache retried task 2743
2026-01-01T04:37:36Z ERROR cache validated request 5787
2026-01-01T04:37:51Z DEBUG cache rejected batch 9090
2026-01-01T04:38:12Z INFO api retried chunk 7903
2026-01-01T04:38:29Z WARN scheduler scheduled chunk 7561
2026-01-01T04:38:30Z INFO api rejected entry 3427
2026-01-01T04:38:34Z DEBUG ingest retried segment 7459
2026-01-01T04:38:40Z INFO api queued segment 9029
2026-01-01T04:39:02Z WARN scheduler processed record 5020
2026-01-01T04:39:31Z ERROR api rejected chunk 9007
2026-01-01T04:40:02Z INFO api dropped task 3967
2026-01-01T04:40:35Z WARN parser rejected chunk 8139
2026-01-01T04:41:12Z INFO ingest flushed batch 4574
2026-01-01T04:41:31Z INFO api validated entry 606
2026-01-01T04:41:59Z ERROR scheduler flushed request 4998
2026-01-01T04:42:15Z WARN parser validated entry 2178
2026-01-01T04:42:23Z INFO scheduler dropped request 6209
2026-01-01T04:43:02Z INFO scheduler retried chunk 5262
2026-01-01T04:43:30Z WARN cache processed entry 2418
2026-01-01T04:44:02Z WARN cache processed job 6695
2026-01-01T04:44:27Z INFO parser validated segment 5368
2026-01-01T04:45:05Z DEBUG ingest queued entry 7264
2026-01-01T04:45:16Z INFO scheduler processed segment 1250
2026-01-01T04:45:47Z INFO scheduler rejected job 6851
2026-01-01T04:45:56Z WARN parser queued request 1893
2026-01-01T04:46:09Z INFO parser validated task 1160
2026-01-01T04:46:36Z INFO parser retried request 2235
2026-01-01T04:47:15Z INFO scheduler rejected chunk 3565
2026-01-01T04:47:36Z INFO cache validated request 9313
2026-01-01T04:48:07Z DEBUG scheduler retried job 846
2026-01-01T04:48:45Z DEBUG ingest dropped request 7449
2026-01-01T04:48:53Z ERROR cache validated record 9116
2026-01-01T04:49:27Z INFO scheduler scheduled batch 6123
2026-01-01T04:49:37Z DEBUG ingest dropped task 9524
2026-01-01T04:49:43Z DEBUG cache rejected segment 3735
2026-01-01T04:50:14Z INFO ingest flushed job 1887
2026-01-01T04:50:31Z ERROR parser retried batch 2330
2026-01-01T04:51:00Z WARN ingest processed record 3383
2026-01-01T04:51:03Z INFO api validated record 3105
2026-01-01T04:51:22Z INFO api retried record 6340
2026-01-01T04:51:47Z INFO api queued batch 364
2026-01-01T04:51:56Z INFO cache validated segment 7320
2026-01-01T04:52:24Z WARN ingest validated task 6901
2026-01-01T04:53:04Z INFO parser flushed job 5441
2026-01-01T04:53:31Z ERROR parser queued chunk 2612
2026-01-01T04:53:42Z DEBUG scheduler dropped request 9252
2026-01-01T04:54:05Z WARN cache flushed record 2503
2026-01-01T04:54:15Z INFO api flushed job 6377
2026-01-01T04:54:30Z INFO cache scheduled record 1444
2026-01-01T04:54:35Z DEBUG ingest queued record 2441
2026-01-01T04:54:51Z INFO ingest rejected batch 5752
2026-01-01T04:55:13Z DEBUG parser flushed batch 9859
2026-01-01T04:55:24Z INFO api processed segment 9227
2026-01-01T04:56:00Z INFO api rejected segment 5133
2026-01-01T04:56:36Z ERROR scheduler processed entry 6964
2026-01-01T04:56:56Z DEBUG scheduler processed chunk 189
2026-01-01T04:57:19Z DEBUG cache retried segment 1617
2026-01-01T04:57:41Z ERROR scheduler retried task 654
2026-01-01T04:57:52Z WARN cache scheduled record 2228
2026-01-01T04:58:04Z INFO scheduler queued segment 5942
2026-01-01T04:58:13Z INFO cache flushed entry 2248
2026-01-01T04:58:38Z DEBUG parser queued batch 5524
2026-01-01T04:59:13Z DEBUG parser queued segment 4561
2026-01-01T04:59:37Z INFO api retried record 5870
2026-01-01T04:59:42Z INFO api rejected chunk 8269
2026-01-01T04:59:51Z DEBUG ingest processed job 2855
2026-01-01T05:00:00Z DEBUG parser processed chunk 5061
2026-01-01T05:00:29Z WARN api retried task 9997
2026-01-01T05:00:47Z WARN ingest rejected chunk 3999
2026-01-01T05:01:03Z INFO api queued batch 1378
2026-01-01T05:01:04Z INFO scheduler scheduled segment 3056
2026-01-01T05:01:21Z INFO ingest rejected record 8549
2026-01-01T05:01:58Z INFO scheduler rejected job 124
2026-01-01T05:02:16Z INFO api queued entry 1326
2026-01-01T05:02:43Z WARN scheduler queued record 4232
2026-01-01T05:03:22Z DEBUG ingest processed entry 5011
2026-01-01T05:03:39Z WARN ingest flushed request 4935
2026-01-01T05:04:16Z INFO api rejected segment 1595
2026-01-01T05:04:56Z DEBUG cache flushed chunk 2225
2026-01-01T05:05:23Z ERROR cache validated request 7974
2026-01-01T05:05:33Z ERROR scheduler flushed segment 2618
2026-01-01T05:05:37Z INFO ingest processed batch 5407
2026-01-01T05:06:00Z WARN ingest queued record 540
2026-01-01T05:06:12Z DEBUG ingest retried segment 9637
2026-01-01T05:06:19Z WARN scheduler queued task 2043
2026-01-01T05:06:21Z INFO ingest flushed chunk 6879
2026-01-01T05:07:00Z INFO parser scheduled chunk 2196
2026-01-01T05:07:21Z INFO scheduler rejected batch 1124
2026-01-01T05:07:31Z INFO parser validated batch 1264
2026-01-01T05:07:59Z ERROR api flushed segment 8027
2026-01-01T05:08:22Z INFO cache retried job 7309
2026-01-01T05:08:46Z DEBUG parser validated chunk 6548
2026-01-01T05:08:53Z DEBUG scheduler dropped segment 3740
2026-01-01T05:09:02Z WARN cache scheduled record 8612
2026-01-01T05:09:16Z ERROR scheduler queued record 653
2026-01-01T05:09:28Z DEBUG parser processed job 6647
2026-01-01T05:09:45Z INFO scheduler flushed record 2623
2026-01-01T05:09:55Z INFO ingest retried entry 681
2026-01-01T05:10:26Z DEBUG scheduler dropped batch 5059
2026-01-01T05:11:02Z DEBUG cache processed chunk 8591
2026-01-01T05:11:30Z WARN ingest rejected segment 6214
2026-01-01T05:11:33Z INFO ingest processed chunk 9324
2026-01-01T05:11:35Z INFO parser processed request 9956
2026-01-01T05:12:06Z DEBUG parser queued job 3679
2026-01-01T05:12:10Z DEBUG ingest rejected segment 3058
2026-01-01T05:12:40Z ERROR scheduler flushed segment 9285
2026-01-01T05:12:42Z ERROR scheduler retried batch 9784
2026-01-01T05:12:54Z WARN ingest rejected batch 4424
2026-01-01T05:13:10Z WARN api flushed request 1213
2026-01-01T05:13:43Z WARN scheduler dropped batch 8743
2026-01-01T05:14:21Z INFO parser scheduled batch 348
2026-01-01T05:14:46Z INFO api scheduled request 3501
2026-01-01T05:15:20Z INFO ingest scheduled segment 3824
2026-01-01T05:15:41Z DEBUG ingest rejected segment 9069
2026-01-01T05:16:15Z DEBUG scheduler dropped batch 2176
2026-01-01T05:16:33Z INFO scheduler validated job 3171
2026-01-01T05:17:06Z DEBUG api rejected segment 5284
2026-01-01T05:17:35Z DEBUG api dropped segment 2702
2026-01-01T05:17:53Z INFO parser rejected task 2618
2026-01-01T05:18:05Z INFO cache validated task 557
2026-01-01T05:18:16Z INFO scheduler scheduled entry 9141
2026-01-01T05:18:26Z WARN parser validated task 9654
2026-01-01T05:18:43Z INFO api dropped record 1359
2026-01-01T05:18:56Z ERROR parser queued entry 7366
2026-01-01T05:19:19Z DEBUG api scheduled chunk 9958
2026-01-01T05:19:43Z WARN cache validated batch 3055
2026-01-01T05:19:51Z INFO ingest validated task 5716
2026-01-01T05:20:26Z DEBUG parser processed segment 8661
2026-01-01T05:20:29Z DEBUG cache scheduled segment 2909
2026-01-01T05:20:33Z INFO cache rejected record 2882
2026-01-01T05:20:52Z INFO ingest scheduled segment 3699
2026-01-01T05:21:26Z WARN ingest processed segment 4482
2026-01-01T05:21:44Z WARN parser queued job 6521
2026-01-01T05:22:02Z ERROR scheduler flushed request 1680
2026-01-01T05:22:41Z WARN scheduler rejected entry 6313
2026-01-01T05:23:06Z INFO parser validated record 527
2026-01-01T05:23:11Z INFO scheduler retried batch 7426
2026-01-01T05:23:15Z DEBUG scheduler dropped job 4571
2026-01-01T05:23:48Z WARN api scheduled entry 7795
2026-01-01T05:24:26Z DEBUG parser retried batch 816
2026-01-01T05:24:47Z DEBUG ingest processed segment 1643
2026-01-01T05:25:08Z DEBUG parser processed batch 8908
2026-01-01T05:25:37Z INFO scheduler queued record 8836
2026-01-01T05:26:11Z INFO ingest validated entry 8860
2026-01-01T05:26:12Z WARN scheduler scheduled batch 1238
2026-01-01T05:26:28Z ERROR ingest retried job 6378
2026-01-01T05:26:56Z INFO ingest validated job 8581
2026-01-01T05:27:13Z DEBUG parser flushed batch 2558
2026-01-01T05:27:19Z INFO scheduler processed record 7478
2026-01-01T05:27:40Z WARN api dropped batch 66
2026-01-01T05:28:05Z INFO api retried task 7090
2026-01-01T05:28:34Z INFO ingest validated segment 6074
2026-01-01T05:29:08Z WARN cache flushed chunk 6706
2026-01-01T05:29:33Z INFO ingest scheduled entry 6857
2026-01-01T05:30:02Z ERROR api retried chunk 8101
2026-01-01T05:30:07Z INFO api processed task 3737
2026-01-01T05:30:29Z WARN parser flushed record 8164
2026-01-01T05:30:45Z INFO ingest validated batch 3235
2026-01-01T05:30:57Z INFO cache dropped chunk 1082
2026-01-01T05:31:32Z WARN api rejected batch 4589
2026-01-01T05:32:07Z DEBUG cache validated batch 9306
2026-01-01T05:32:09Z INFO cache processed entry 3040
2026-01-01T05:32:19Z WARN ingest dropped job 429
2026-01-01T05:32:36Z WARN cache processed entry 2412
2026-01-01T05:33:09Z WARN scheduler retried job 4347
2026-01-01T05:33:19Z DEBUG parser queued record 5838
2026-01-01T05:33:51Z DEBUG parser scheduled batch 3864
2026-01-01T05:33:56Z DEBUG parser dropped task 4642
2026-01-01T05:34:19Z DEBUG api scheduled entry 3789
2026-01-01T05:34:53Z INFO api queued batch 4641
2026-01-01T05:35:08Z INFO scheduler processed request 5875
2026-01-01T05:35:39Z WARN ingest dropped segment 7131
2026-01-01T05:35:44Z INFO scheduler queued task 1726
2026-01-01T05:35:52Z INFO parser dropped request 4850
2026-01-01T05:36:09Z INFO api rejected segment 6401
2026-01-01T05:36:49Z WARN scheduler rejected record 587
2026-01-01T05:37:06Z DEBUG ingest processed batch 7624
2026-01-01T05:37:35Z ERROR api processed segment 187
2026-01-01T05:37:50Z DEBUG ingest validated task 8607
2026-01-01T05:38:12Z INFO api rejected record 9065
2026-01-01T05:38:24Z DEBUG parser retried batch 3638
2026-01-01T05:38:33Z INFO api processed task 7360
2026-01-01T05:39:00Z WARN cache dropped segment 4770
2026-01-01T05:39:19Z INFO api processed chunk 1670
2026-01-01T05:39:25Z DEBUG api rejected chunk 2050
2026-01-01T05:39:32Z DEBUG api dropped task 7891
2026-01-01T05:39:37Z INFO cache validated entry 3261
2026-01-01T05:39:40Z INFO cache processed record 9670
2026-01-01T05:39:52Z INFO ingest scheduled chunk 8710
2026-01-01T05:40:22Z DEBUG api validated chunk 2611
2026-01-01T05:40:30Z INFO cache processed batch 5740
2026-01-01T05:40:51Z DEBUG scheduler rejected request 9230
2026-01-01T05:41:08Z DEBUG ingest retried segment 8903
2026-01-01T05:41:26Z DEBUG parser flushed segment 9951
2026-01-01T05:41:46Z INFO scheduler dropped job 730
2026-01-01T05:42:26Z DEBUG scheduler flushed chunk 7390
2026-01-01T05:42:35Z INFO ingest processed entry 1441
2026-01-01T05:42:46Z WARN api rejected batch 2330
2026-01-01T05:43:01Z DEBUG cache dropped entry 77
2026-01-01T05:43:09Z WARN ingest dropped request 9364
2026-01-01T05:43:10Z WARN ingest validated segment 8109
2026-01-01T05:43:38Z INFO parser dropped chunk 7383
2026-01-01T05:44:07Z ERROR scheduler queued batch 3139
2026-01-01T05:44:17Z WARN cache validated task 7113
2026-01-01T05:44:26Z INFO scheduler queued chunk 4295
2026-01-01T05:44:32Z WARN cache queued job 9887
2026-01-01T05:44:59Z INFO scheduler dropped task 2578
2026-01-01T05:45:12Z DEBUG cache retried chunk 8398
2026-01-01T05:45:27Z INFO ingest dropped record 7211
2026-01-01T05:45:57Z INFO ingest flushed request 3916
2026-01-01T05:46:30Z INFO cache retried record 2739
2026-01-01T05:46:52Z DEBUG scheduler flushed job 7807
2026-01-01T05:46:58Z WARN scheduler retried record 8644
2026-01-01T05:47:23Z DEBUG ingest queued entry 563
2026-01-01T05:47:43Z INFO api validated task 1421
2026-01-01T05:48:07Z INFO scheduler rejected record 103
2026-01-01T05:48:43Z WARN api retried segment 7509
2026-01-01T05:48:56Z WARN api rejected task 76
2026-01-01T05:49:29Z INFO ingest scheduled task 4877
2026-01-01T05:50:02Z INFO api validated request 1612
2026-01-01T05:50:39Z WARN cache processed entry 4355
2026-01-01T05:51:09Z INFO scheduler retried batch 47
2026-01-01T05:51:49Z WARN ingest validated entry 4162
2026-01-01T05:52:02Z INFO scheduler retried job 2428
2026-01-01T05:52:33Z INFO ingest scheduled entry 4884
2026-01-01T05:53:05Z INFO cache rejected segment 8624
2026-01-01T05:53:18Z INFO ingest flushed job 7172
2026-01-01T05:53:43Z INFO cache validated record 2438
2026-01-01T05:53:49Z INFO api dropped task 7482
2026-01-01T05:54:08Z INFO ingest scheduled task 2876
2026-01-01T05:54:14Z DEBUG ingest rejected entry 2510
2026-01-01T05:54:47Z DEBUG scheduler queued segment 2249
2026-01-01T05:55:12Z DEBUG ingest dropped request 8466
2026-01-01T05:55:36Z INFO parser flushed batch 4447
2026-01-01T05:55:51Z INFO scheduler rejected task 8668
2026-01-01T05:56:11Z INFO parser dropped segment 9072
2026-01-01T05:56:20Z INFO api retried job 3601
2026-01-01T05:56:50Z WARN scheduler processed entry 1900
2026-01-01T05:57:19Z DEBUG api processed batch 6427
2026-01-01T05:57:55Z WARN ingest queued chunk 2105
2026-01-01T05:58:06Z INFO parser rejected request 7831
2026-01-01T05:58:15Z INFO ingest rejected task 7584
2026-01-01T05:58:39Z ERROR parser scheduled task 2119
2026-01-01T05:59:07Z DEBUG parser dropped request 9775
2026-01-01T05:59:36Z DEBUG ingest processed segment 4026
2026-01-01T05:59:37Z WARN ingest queued batch 5002
2026-01-01T05:59:50Z DEBUG parser flushed job 7605
2026-01-01T06:00:23Z INFO cache rejected chunk 5939
2026-01-01T06:00:51Z WARN ingest flushed job 8008
2026-01-01T06:01:16Z WARN parser validated record 2259
2026-01-01T06:01:48Z WARN scheduler dropped chunk 4456
2026-01-01T06:01:56Z INFO scheduler scheduled entry 3567
2026-01-01T06:01:57Z INFO cache scheduled task 8258
2026-01-01T06:02:36Z INFO parser scheduled request 2795
2026-01-01T06:02:49Z INFO ingest retried entry 890
2026-01-01T06:03:23Z INFO parser validated chunk 5069
2026-01-01T06:03:52Z DEBUG cache validated job 4914
2026-01-01T06:04:31Z DEBUG ingest retried task 5990
2026-01-01T06:05:02Z ERROR api retried request 5940
2026-01-01T06:05:24Z DEBUG cache dropped request 5902
2026-01-01T06:05:39Z DEBUG api dropped chunk 5381
2026-01-01T06:05:43Z DEBUG api dropped segment 3834
2026-01-01T06:05:52Z DEBUG cache flushed task 7153
2026-01-01T06:06:05Z INFO scheduler flushed job 5058
2026-01-01T06:06:43Z WARN cache scheduled job 1080
2026-01-01T06:07:00Z INFO ingest retried task 3843
2026-01-01T06:07:33Z DEBUG api rejected task 7110
2026-01-01T06:08:12Z INFO ingest dropped chunk 8840
2026-01-01T06:08:35Z DEBUG api scheduled batch 8679
2026-01-01T06:08:42Z DEBUG ingest scheduled job 8954
2026-01-01T06:08:51Z WARN api rejected batch 8686
2026-01-01T06:09:08Z INFO scheduler dropped entry 5764
2026-01-01T06:09:26Z INFO scheduler retried job 1571
2026-01-01T06:10:04Z INFO scheduler dropped entry 1680
2026-01-01T06:10:18Z INFO parser dropped request 8057
2026-01-01T06:10:19Z INFO api validated request 4340
2026-01-01T06:10:30Z INFO api scheduled entry 5023
2026-01-01T06:10:50Z INFO scheduler flushed segment 2666
2026-01-01T06:11:01Z INFO api queued task 9464
2026-01-01T06:11:36Z INFO scheduler retried segment 5229
2026-01-01T06:11:46Z INFO cache dropped entry 6459
2026-01-01T06:11:55Z DEBUG api retried record 6173
2026-01-01T06:12:34Z INFO api rejected segment 4037
2026-01-01T06:13:11Z ERROR cache flushed record 4438
2026-01-01T06:13:39Z INFO api rejected batch 2929
2026-01-01T06:13:59Z DEBUG scheduler retried request 5018
2026-01-01T06:14:39Z INFO cache retried entry 7139
2026-01-01T06:14:57Z INFO cache flushed request 6782
2026-01-01T06:15:30Z WARN cache queued record 2287
2026-01-01T06:15:39Z WARN api processed entry 558
2026-01-01T06:16:04Z DEBUG scheduler queued job 6319
2026-01-01T06:16:35Z INFO api queued record 7009
2026-01-01T06:16:53Z INFO cache flushed task 8196
2026-01-01T06:16:57Z INFO api processed request 6680
2026-01-01T06:17:31Z INFO ingest dropped job 1697
2026-01-01T06:17:52Z INFO parser rejected request 3032
2026-01-01T06:18:15Z INFO parser validated task 7867
2026-01-01T06:18:51Z INFO ingest rejected entry 9246
2026-01-01T06:19:07Z WARN scheduler queued chunk 6803
2026-01-01T06:19:31Z INFO scheduler validated task 9536
2026-01-01T06:19:51Z DEBUG api flushed entry 9547
2026-01-01T06:20:02Z DEBUG ingest scheduled batch 4433
2026-01-01T06:20:12Z DEBUG scheduler queued entry 397
2026-01-01T06:20:52Z DEBUG ingest processed entry 8603
2026-01-01T06:21:02Z WARN cache dropped segment 6821
2026-01-01T06:21:38Z WARN scheduler flushed task 8896
2026-01-01T06:21:48Z DEBUG cache dropped job 8139
2026-01-01T06:22:26Z ERROR api dropped request 5990
2026-01-01T06:22:39Z DEBUG scheduler validated batch 9698
2026-01-01T06:22:56Z WARN cache processed request 3082
2026-01-01T06:23:05Z INFO parser processed request 143
2026-01-01T06:23:06Z INFO parser flushed task 2237
2026-01-01T06:23:42Z INFO api queued segment 19
2026-01-01T06:24:17Z INFO parser scheduled batch 736
2026-01-01T06:24:39Z WARN api flushed record 3752
2026-01-01T06:25:13Z INFO cache scheduled batch 785
2026-01-01T06:25:15Z DEBUG ingest rejected entry 2337
2026-01-01T06:25:47Z DEBUG ingest scheduled chunk 2807
2026-01-01T06:25:56Z INFO ingest scheduled segment 6538
2026-01-01T06:26:21Z INFO parser dropped record 9046
2026-01-01T06:26:43Z WARN parser retried entry 2966
2026-01-01T06:27:06Z INFO cache processed job 1207
2026-01-01T06:27:08Z WARN cache dropped batch 5862
2026-01-01T06:27:34Z INFO parser processed request 8226
2026-01-01T06:28:09Z ERROR ingest scheduled chunk 4930
2026-01-01T06:28:13Z DEBUG parser validated segment 6642
2026-01-01T06:28:38Z INFO parser flushed job 5010
2026-01-01T06:29:13Z DEBUG ingest dropped chunk 3253
2026-01-01T06:29:21Z WARN api flushed request 6062
2026-01-01T06:29:26Z INFO api dropped entry 574
2026-01-01T06:29:28Z INFO ingest flushed job 1897
2026-01-01T06:30:07Z DEBUG api flushed segment 3972
2026-01-01T06:30:09Z ERROR ingest queued request 3750
2026-01-01T06:30:45Z DEBUG scheduler scheduled task 8326
2026-01-01T06:31:23Z INFO api dropped chunk 2559
2026-01-01T06:31:44Z DEBUG ingest scheduled task 3957
2026-01-01T06:31:45Z WARN api scheduled record 4597
2026-01-01T06:32:14Z WARN cache retried request 8094
2026-01-01T06:32:51Z DEBUG api queued segment 4541
2026-01-01T06:33:02Z WARN parser dropped record 9212
2026-01-01T06:33:15Z DEBUG parser rejected task 5061
2026-01-01T06:33:51Z INFO scheduler rejected task 5815
2026-01-01T06:34:08Z DEBUG parser queued entry 476
2026-01-01T06:34:11Z DEBUG api processed request 7315
2026-01-01T06:34:17Z INFO ingest scheduled record 9672
2026-01-01T06:34:24Z DEBUG cache queued task 6153
2026-01-01T06:34:29Z DEBUG cache scheduled record 3021
2026-01-01T06:34:47Z DEBUG api flushed task 7927
2026-01-01T06:34:55Z INFO cache processed request 2340
2026-01-01T06:35:11Z INFO scheduler retried task 1364
2026-01-01T06:35:36Z INFO ingest retried chunk 5065
2026-01-01T06:36:06Z INFO ingest processed segment 7613
2026-01-01T06:36:24Z WARN scheduler dropped request 5270
2026-01-01T06:36:34Z INFO scheduler scheduled job 5872
2026-01-01T06:36:59Z WARN ingest queued chunk 5393
2026-01-01T06:37:34Z WARN api retried record 4478
2026-01-01T06:38:03Z ERROR ingest validated record 9768
2026-01-01T06:38:08Z INFO ingest processed record 5388
2026-01-01T06:38:27Z DEBUG api validated entry 1810
2026-01-01T06:38:44Z INFO ingest dropped segment 3532
2026-01-01T06:38:50Z DEBUG parser rejected request 5184
2026-01-01T06:39:20Z ERROR ingest dropped batch 5547
2026-01-01T06:39:28Z DEBUG parser scheduled request 7222
2026-01-01T06:40:07Z INFO scheduler rejected record 3254
2026-01-01T06:40:44Z DEBUG scheduler rejected job 9962
2026-01-01T06:41:15Z INFO api rejected entry 77
2026-01-01T06:41:26Z ERROR scheduler flushed batch 849
2026-01-01T06:41:57Z WARN cache scheduled batch 9305
2026-01-01T06:42:02Z DEBUG scheduler queued record 3628
2026-01-01T06:42:07Z DEBUG api validated job 3518
2026-01-01T06:42:28Z DEBUG cache flushed task 9864
2026-01-01T06:42:43Z INFO cache processed record 4174
2026-01-01T06:43:01Z DEBUG ingest retried batch 9903
2026-01-01T06:43:28Z DEBUG cache validated entry 6816
2026-01-01T06:43:36Z ERROR api queued entry 4494
2026-01-01T06:43:44Z INFO cache processed entry 6760
2026-01-01T06:44:19Z ERROR cache retried record 3495
2026-01-01T06:44:33Z DEBUG cache scheduled entry 3177
2026-01-01T06:45:04Z INFO api scheduled record 9757
2026-01-01T06:45:07Z DEBUG scheduler rejected segment 8498
2026-01-01T06:45:15Z INFO parser dropped task 5694
2026-01-01T06:45:19Z WARN api processed task 7421
2026-01-01T06:45:39Z WARN scheduler queued entry 4624
2026-01-01T06:45:56Z DEBUG ingest retried entry 679
2026-01-01T06:46:20Z DEBUG cache dropped segment 8107
2026-01-01T06:46:39Z DEBUG scheduler retried request 1369
2026-01-01T06:47:00Z INFO cache scheduled entry 5941
2026-01-01T06:47:33Z INFO api rejected job 4169
2026-01-01T06:48:12Z DEBUG api dropped entry 9863
2026-01-01T06:48:31Z DEBUG scheduler processed chunk 8000
2026-01-01T06:48:37Z INFO scheduler scheduled job 9740
2026-01-01T06:49:02Z INFO api validated job 5838
2026-01-01T06:49:38Z DEBUG parser retried request 6220
2026-01-01T06:50:13Z INFO parser scheduled segment 2755
2026-01-01T06:50:50Z INFO api dropped segment 9797
2026-01-01T06:51:07Z DEBUG api validated request 7008
2026-01-01T06:51:22Z WARN parser flushed task 1090
2026-01-01T06:52:01Z INFO cache processed chunk 5952
2026-01-01T06:52:18Z ERROR parser scheduled job 624
2026-01-01T06:52:34Z DEBUG ingest flushed batch 1458
2026-01-01T06:52:54Z DEBUG scheduler validated batch 1628
2026-01-01T06:53:31Z INFO api processed entry 2943
2026-01-01T06:53:44Z ERROR parser processed record 7302
2026-01-01T06:54:13Z INFO parser retried record 3483
2026-01-01T06:54:21Z INFO api validated chunk 8402
2026-01-01T06:54:30Z INFO cache scheduled entry 6784
2026-01-01T06:54:53Z DEBUG ingest scheduled batch 1193
2026-01-01T06:55:05Z INFO api scheduled job 3610
2026-01-01T06:55:36Z DEBUG ingest queued request 8023
2026-01-01T06:55:42Z DEBUG api retried task 3544
2026-01-01T06:55:51Z INFO api queued request 7849
2026-01-01T06:55:58Z INFO cache scheduled job 9532
2026-01-01T06:56:16Z DEBUG scheduler dropped segment 876
2026-01-01T06:56:38Z WARN ingest retried batch 3026
2026-01-01T06:57:04Z ERROR scheduler validated job 2191
2026-01-01T06:57:44Z ERROR ingest queued record 4981
2026-01-01T06:58:03Z INFO cache validated chunk 1414
2026-01-01T06:58:38Z DEBUG ingest retried entry 1907
2026-01-01T06:59:06Z INFO scheduler dropped chunk 2780
2026-01-01T06:59:27Z INFO parser scheduled entry 5346
2026-01-01T06:59:48Z WARN ingest rejected segment 6570
2026-01-01T07:00:07Z INFO ingest flushed segment 2651
2026-01-01T07:00:29Z INFO scheduler retried record 9162
2026-01-01T07:00:35Z INFO ingest queued batch 7955
2026-01-01T07:00:45Z INFO ingest dropped entry 2243
2026-01-01T07:00:55Z INFO cache dropped record 4387
2026-01-01T07:01:13Z DEBUG ingest processed entry 5610
2026-01-01T07:01:36Z INFO api queued segment 9416
2026-01-01T07:02:04Z INFO parser rejected record 9203
2026-01-01T07:02:20Z DEBUG api dropped job 5994
2026-01-01T07:02:42Z WARN cache scheduled job 4340
2026-01-01T07:03:13Z DEBUG api processed request 9110
2026-01-01T07:03:41Z WARN scheduler retried entry 3286
2026-01-01T07:04:03Z DEBUG cache dropped task 9210
2026-01-01T07:04:35Z DEBUG scheduler scheduled batch 8570
2026-01-01T07:05:08Z DEBUG parser flushed entry 7333
2026-01-01T07:05:40Z INFO parser retried chunk 8584
2026-01-01T07:06:09Z DEBUG ingest rejected record 8907
2026-01-01T07:06:33Z DEBUG parser processed chunk 7668
2026-01-01T07:06:40Z INFO parser processed record 8166
2026-01-01T07:06:41Z WARN api validated chunk 6852
2026-01-01T07:07:02Z INFO cache queued request 5543
2026-01-01T07:07:17Z INFO api flushed entry 8451
2026-01-01T07:07:38Z DEBUG scheduler validated chunk 8051
2026-01-01T07:08:17Z INFO ingest scheduled task 812
2026-01-01T07:08:25Z WARN cache retried task 3376
2026-01-01T07:08:51Z DEBUG scheduler retried segment 8265
2026-01-01T07:09:14Z WARN scheduler processed chunk 2190
2026-01-01T07:09:37Z DEBUG scheduler processed request 2049
2026-01-01T07:09:48Z INFO api dropped batch 166
2026-01-01T07:10:00Z WARN api processed record 6201
2026-01-01T07:10:25Z INFO parser queued segment 9463
2026-01-01T07:10:41Z INFO parser scheduled request 5849
2026-01-01T07:11:04Z DEBUG cache dropped entry 6619
2026-01-01T07:11:15Z DEBUG parser processed entry 4413
2026-01-01T07:11:34Z DEBUG ingest flushed entry 4681
2026-01-01T07:12:05Z INFO ingest rejected request 3649
2026-01-01T07:12:36Z INFO parser flushed request 5733
2026-01-01T07:12:54Z INFO ingest queued request 8800
2026-01-01T07:13:28Z INFO ingest scheduled chunk 2498
2026-01-01T07:14:04Z WARN parser dropped segment 3793
2026-01-01T07:14:34Z INFO api dropped chunk 5651
2026-01-01T07:14:47Z DEBUG parser retried task 7217
2026-01-01T07:15:10Z WARN parser flushed segment 3124
2026-01-01T07:15:50Z INFO ingest queued chunk 529
2026-01-01T07:16:00Z INFO ingest scheduled request 6832
2026-01-01T07:16:04Z INFO ingest scheduled entry 3313
2026-01-01T07:16:36Z INFO cache rejected chunk 9703
2026-01-01T07:17:10Z DEBUG scheduler validated entry 502
2026-01-01T07:17:33Z INFO cache dropped entry 7763
2026-01-01T07:18:11Z WARN cache queued batch 5926
2026-01-01T07:18:12Z INFO ingest dropped request 1945
2026-01-01T07:18:27Z INFO scheduler flushed record 9182
2026-01-01T07:18:59Z INFO cache validated task 9161
2026-01-01T07:19:09Z ERROR cache rejected segment 6040
2026-01-01T07:19:16Z INFO cache rejected segment 2156
2026-01-01T07:19:23Z INFO api validated record 5857
2026-01-01T07:19:35Z ERROR parser validated batch 8490
2026-01-01T07:19:53Z ERROR api dropped job 4337
2026-01-01T07:20:32Z WARN cache dropped entry 3019
2026-01-01T07:20:48Z WARN api queued task 2603
2026-01-01T07:20:49Z DEBUG ingest rejected request 6944
2026-01-01T07:21:11Z DEBUG ingest rejected segment 9963
2026-01-01T07:21:36Z INFO cache retried entry 6609
2026-01-01T07:21:56Z INFO api rejected entry 4179
2026-01-01T07:22:11Z DEBUG cache queued batch 5905
2026-01-01T07:22:14Z INFO cache scheduled task 1431
2026-01-01T07:22:32Z DEBUG ingest retried chunk 4493
2026-01-01T07:22:53Z INFO api validated segment 4942
2026-01-01T07:23:15Z INFO parser processed record 8594
2026-01-01T07:23:32Z INFO api validated record 9739
2026-01-01T07:24:10Z DEBUG scheduler queued job 6556
2026-01-01T07:24:46Z WARN scheduler rejected job 6838
2026-01-01T07:24:54Z DEBUG cache retried job 9891
2026-01-01T07:25:19Z INFO parser processed chunk 9876
2026-01-01T07:25:43Z INFO cache queued job 3232
2026-01-01T07:26:23Z DEBUG api processed record 1078
2026-01-01T07:26:54Z INFO ingest rejected request 6957
2026-01-01T07:27:18Z INFO api scheduled segment 635
2026-01-01T07:27:25Z DEBUG parser rejected batch 7636
2026-01-01T07:27:57Z WARN scheduler validated record 4511
2026-01-01T07:28:24Z DEBUG api retried record 4522
2026-01-01T07:28:45Z INFO ingest processed request 9565
2026-01-01T07:29:16Z INFO scheduler flushed segment 6785
2026-01-01T07:29:27Z INFO scheduler flushed record 5476
2026-01-01T07:29:38Z ERROR ingest rejected job 3584
2026-01-01T07:30:04Z WARN ingest scheduled job 3838
2026-01-01T07:30:33Z INFO api processed batch 8305
2026-01-01T07:30:46Z WARN parser dropped segment 7209
2026-01-01T07:30:57Z INFO ingest flushed record 8728
2026-01-01T07:31:30Z INFO parser dropped batch 9457
2026-01-01T07:31:52Z DEBUG api scheduled batch 5732
2026-01-01T07:32:11Z DEBUG ingest dropped job 2948
2026-01-01T07:32:17Z DEBUG api processed request 8622
2026-01-01T07:32:36Z DEBUG api processed request 7411
2026-01-01T07:33:11Z INFO ingest queued request 1139
2026-01-01T07:33:14Z INFO ingest scheduled segment 6541
2026-01-01T07:33:54Z WARN scheduler validated batch 5810
2026-01-01T07:34:18Z INFO ingest scheduled request 5753
2026-01-01T07:34:39Z DEBUG cache queued entry 6949
2026-01-01T07:35:10Z WARN scheduler processed task 3007
2026-01-01T07:35:14Z DEBUG api flushed batch 9648
2026-01-01T07:35:43Z DEBUG cache validated chunk 348
2026-01-01T07:35:49Z DEBUG parser rejected task 9974
2026-01-01T07:36:28Z INFO ingest flushed request 9111
2026-01-01T07:37:08Z DEBUG ingest rejected request 5854
2026-01-01T07:37:27Z DEBUG api retried record 9032
2026-01-01T07:38:05Z DEBUG api dropped job 5642
2026-01-01T07:38:31Z INFO ingest scheduled job 2420
2026-01-01T07:38:46Z INFO parser queued entry 3600
2026-01-01T07:39:04Z INFO parser queued request 2352
2026-01-01T07:39:05Z WARN parser scheduled batch 5565
2026-01-01T07:39:40Z DEBUG scheduler rejected record 745
2026-01-01T07:40:01Z INFO cache queued task 4356
2026-01-01T07:40:33Z WARN api flushed task 6703
2026-01-01T07:40:58Z ERROR scheduler rejected request 8791
2026-01-01T07:41:18Z ERROR api queued task 6384
2026-01-01T07:41:57Z INFO ingest dropped segment 2410
2026-01-01T07:42:16Z ERROR cache processed batch 1672
2026-01-01T07:42:23Z WARN cache scheduled record 91
2026-01-01T07:42:44Z INFO parser dropped batch 3147
2026-01-01T07:43:22Z DEBUG parser retried batch 8397
2026-01-01T07:43:25Z DEBUG ingest retried entry 7180
2026-01-01T07:43:51Z DEBUG api retried record 5870
2026-01-01T07:44:03Z DEBUG ingest validated chunk 1496
2026-01-01T07:44:12Z INFO api retried batch 8467
2026-01-01T07:44:46Z INFO parser scheduled batch 6680
2026-01-01T07:45:08Z DEBUG api dropped record 2658
2026-01-01T07:45:13Z DEBUG api dropped task 4889
2026-01-01T07:45:49Z INFO api retried batch 2942
2026-01-01T07:46:23Z INFO scheduler rejected entry 4580
2026-01-01T07:46:50Z INFO ingest rejected entry 5323
2026-01-01T07:47:06Z WARN parser retried segment 1984
2026-01-01T07:47:19Z INFO api rejected request 1160
2026-01-01T07:47:21Z DEBUG api processed chunk 9684
2026-01-01T07:47:34Z INFO scheduler scheduled task 704
2026-01-01T07:47:48Z INFO scheduler queued segment 4184
2026-01-01T07:48:10Z INFO api queued segment 3212
2026-01-01T07:48:42Z INFO parser dropped record 4670
2026-01-01T07:48:52Z ERROR cache processed segment 1318
2026-01-01T07:49:27Z ERROR parser processed record 8564
2026-01-01T07:49:53Z WARN parser retried task 2337
2026-01-01T07:50:03Z INFO api retried batch 8644
2026-01-01T07:50:38Z DEBUG parser scheduled record 2814
2026-01-01T07:50:44Z WARN ingest queued segment 6503
2026-01-01T07:51:22Z DEBUG ingest dropped task 5669
2026-01-01T07:51:57Z DEBUG parser queued segment 9316
2026-01-01T07:52:28Z DEBUG cache rejected chunk 2979
2026-01-01T07:52:50Z DEBUG cache scheduled record 1072
2026-01-01T07:53:05Z WARN cache validated segment 7549
2026-01-01T07:53:27Z INFO scheduler dropped segment 2171
2026-01-01T07:53:50Z DEBUG cache validated record 2056
2026-01-01T07:54:09Z WARN parser rejected job 7955
2026-01-01T07:54:36Z INFO ingest queued entry 5392
2026-01-01T07:55:00Z WARN ingest queued request 8454
2026-01-01T07:55:16Z WARN cache scheduled job 8670
2026-01-01T07:55:17Z DEBUG cache rejected batch 1708
2026-01-01T07:55:23Z INFO parser rejected job 7224
2026-01-01T07:55:47Z WARN parser queued job 5542
2026-01-01T07:56:01Z DEBUG scheduler scheduled request 3689
2026-01-01T07:56:40Z INFO cache scheduled record 6978
2026-01-01T07:57:13Z INFO cache flushed chunk 2034
2026-01-01T07:57:25Z WARN api queued record 3229
2026-01-01T07:57:44Z WARN ingest processed batch 1696
2026-01-01T07:57:54Z INFO parser flushed segment 8627
2026-01-01T07:58:24Z DEBUG scheduler dropped segment 6326
2026-01-01T07:59:01Z INFO ingest scheduled request 8293
2026-01-01T07:59:32Z WARN scheduler dropped task 5647
2026-01-01T08:00:04Z WARN ingest validated segment 6371
2026-01-01T08:00:23Z DEBUG api scheduled batch 7848
2026-01-01T08:00:58Z WARN cache rejected task 7216
2026-01-01T08:01:07Z DEBUG scheduler rejected task 588
2026-01-01T08:01:11Z ERROR parser validated segment 8974
2026-01-01T08:01:28Z INFO ingest flushed job 6823
2026-01-01T08:01:40Z INFO parser processed batch 6424
2026-01-01T08:01:44Z INFO scheduler validated chunk 6632
2026-01-01T08:02:15Z INFO scheduler rejected job 9502
2026-01-01T08:02:32Z DEBUG cache validated request 2236
2026-01-01T08:02:45Z INFO ingest flushed entry 2012
2026-01-01T08:03:05Z INFO api queued job 6088
2026-01-01T08:03:43Z INFO ingest dropped entry 789
2026-01-01T08:03:59Z INFO api scheduled request 1907
2026-01-01T08:04:12Z INFO scheduler dropped batch 9603
2026-01-01T08:04:35Z INFO ingest processed job 6322
2026-01-01T08:05:08Z DEBUG ingest processed segment 3675
2026-01-01T08:05:25Z WARN ingest rejected batch 1721
2026-01-01T08:06:00Z DEBUG scheduler flushed entry 542
2026-01-01T08:06:05Z DEBUG ingest scheduled chunk 5719
2026-01-01T08:06:24Z WARN cache retried entry 6633
2026-01-01T08:06:25Z WARN scheduler retried record 8946
2026-01-01T08:06:41Z INFO scheduler processed record 6736
2026-01-01T08:06:50Z INFO ingest dropped task 8857
2026-01-01T08:07:25Z DEBUG cache validated request 4792
2026-01-01T08:07:50Z ERROR api rejected batch 2748
2026-01-01T08:08:03Z DEBUG cache processed request 176
2026-01-01T08:08:10Z INFO scheduler processed request 5025
2026-01-01T08:08:44Z INFO parser retried record 1164
2026-01-01T08:08:52Z DEBUG api validated batch 2633
2026-01-01T08:09:26Z INFO cache processed request 2420
2026-01-01T08:09:40Z ERROR api dropped segment 1769
2026-01-01T08:10:20Z INFO parser flushed record 3237
2026-01-01T08:10:59Z WARN ingest flushed task 8811
2026-01-01T08:11:00Z DEBUG ingest rejected job 5037
2026-01-01T08:11:30Z INFO api validated segment 5697
2026-01-01T08:12:03Z INFO cache flushed request 8815
2026-01-01T08:12:16Z DEBUG ingest queued task 3132
2026-01-01T08:12:20Z DEBUG api queued entry 448
2026-01-01T08:12:47Z DEBUG cache queued request 305
2026-01-01T08:13:25Z INFO ingest validated request 5985
2026-01-01T08:13:42Z INFO ingest queued record 6263
2026-01-01T08:14:00Z INFO ingest flushed record 6226
2026-01-01T08:14:27Z DEBUG scheduler retried segment 573
2026-01-01T08:15:02Z INFO api dropped batch 9108
2026-01-01T08:15:08Z INFO ingest processed entry 2495
2026-01-01T08:15:47Z ERROR cache dropped job 4383
2026-01-01T08:16:15Z WARN cache retried job 4417
2026-01-01T08:16:47Z ERROR parser dropped request 2824
2026-01-01T08:16:58Z INFO ingest processed job 9270
2026-01-01T08:17:05Z DEBUG cache processed task 850
2026-01-01T08:17:35Z DEBUG scheduler scheduled record 7415
2026-01-01T08:18:05Z INFO cache dropped task 3505
2026-01-01T08:18:45Z INFO api scheduled record 5911
2026-01-01T08:19:06Z DEBUG scheduler retried task 8378
2026-01-01T08:19:18Z WARN cache validated segment 8724
2026-01-01T08:19:24Z INFO api flushed batch 4012
2026-01-01T08:19:43Z INFO cache dropped segment 7589
2026-01-01T08:20:14Z DEBUG parser scheduled segment 3149
2026-01-01T08:20:28Z INFO cache validated batch 3191
2026-01-01T08:20:50Z INFO scheduler validated segment 4646
2026-01-01T08:20:59Z WARN cache retried batch 5306
2026-01-01T08:21:04Z DEBUG cache validated chunk 3728
2026-01-01T08:21:44Z INFO parser scheduled segment 272
2026-01-01T08:22:13Z DEBUG api scheduled request 3456
2026-01-01T08:22:38Z DEBUG cache queued entry 4519
2026-01-01T08:23:01Z DEBUG ingest rejected task 151
2026-01-01T08:23:40Z WARN scheduler queued segment 2733
2026-01-01T08:23:44Z INFO parser retried segment 843
2026-01-01T08:23:58Z INFO cache queued record 3428
2026-01-01T08:24:32Z INFO cache processed chunk 951
2026-01-01T08:24:34Z DEBUG ingest validated request 359
2026-01-01T08:24:51Z DEBUG ingest queued chunk 2562
2026-01-01T08:25:23Z INFO parser dropped job 1032
2026-01-01T08:25:48Z INFO parser flushed chunk 1209
2026-01-01T08:26:23Z DEBUG scheduler rejected segment 980
2026-01-01T08:26:59Z INFO scheduler scheduled batch 3517
2026-01-01T08:27:31Z INFO api dropped batch 2594
2026-01-01T08:27:46Z WARN cache retried request 2826
2026-01-01T08:28:16Z INFO parser dropped batch 7906
2026-01-01T08:28:37Z INFO parser dropped request 9885
2026-01-01T08:28:42Z WARN scheduler retried chunk 8222
2026-01-01T08:28:57Z DEBUG api rejected job 2298
2026-01-01T08:29:05Z INFO ingest rejected request 3565
2026-01-01T08:29:34Z WARN cache validated chunk 2230
2026-01-01T08:29:36Z DEBUG api dropped segment 1165
2026-01-01T08:29:38Z INFO parser scheduled request 1095
2026-01-01T08:29:55Z INFO api scheduled chunk 5540
2026-01-01T08:30:18Z WARN cache processed request 8042
2026-01-01T08:30:52Z DEBUG cache dropped entry 861
2026-01-01T08:31:18Z WARN api processed record 2960
2026-01-01T08:31:24Z INFO scheduler flushed batch 7064
2026-01-01T08:31:50Z DEBUG ingest scheduled record 8522
2026-01-01T08:32:11Z DEBUG cache flushed entry 8446
2026-01-01T08:32:25Z INFO ingest processed chunk 6058
2026-01-01T08:32:35Z DEBUG api processed task 6893
2026-01-01T08:33:10Z DEBUG parser retried request 6370
2026-01-01T08:33:28Z DEBUG cache rejected entry 2613
2026-01-01T08:33:30Z INFO api flushed segment 1710
2026-01-01T08:33:51Z WARN parser queued entry 7539
2026-01-01T08:34:19Z DEBUG api queued entry 9247
2026-01-01T08:34:39Z ERROR api validated request 3731
2026-01-01T08:34:43Z DEBUG api queued job 7679
2026-01-01T08:34:46Z INFO parser dropped request 5906
2026-01-01T08:35:16Z DEBUG cache queued chunk 7619
2026-01-01T08:35:46Z INFO scheduler dropped job 3504
2026-01-01T08:36:17Z DEBUG cache processed entry 3562
2026-01-01T08:36:52Z INFO cache rejected request 4077
2026-01-01T08:37:16Z DEBUG cache processed segment 7985
2026-01-01T08:37:41Z INFO ingest validated task 6515
2026-01-01T08:37:51Z ERROR scheduler dropped chunk 2548
2026-01-01T08:38:27Z WARN api dropped batch 4046
2026-01-01T08:39:02Z WARN scheduler processed request 5300
2026-01-01T08:39:40Z DEBUG api validated segment 6935
2026-01-01T08:40:00Z INFO ingest dropped segment 4968
2026-01-01T08:40:25Z DEBUG scheduler queued entry 9317
2026-01-01T08:40:37Z INFO api dropped batch 2733
2026-01-01T08:41:01Z DEBUG api queued batch 1494
2026-01-01T08:41:12Z DEBUG scheduler flushed chunk 5528
2026-01-01T08:41:43Z INFO api scheduled job 849
2026-01-01T08:42:23Z DEBUG ingest validated job 8427
2026-01-01T08:42:28Z DEBUG ingest flushed record 4226
2026-01-01T08:42:29Z INFO parser validated entry 3303
2026-01-01T08:43:03Z INFO ingest dropped task 5635
2026-01-01T08:43:35Z INFO cache retried request 7535
2026-01-01T08:43:40Z INFO parser processed record 7014
2026-01-01T08:43:42Z INFO scheduler flushed task 837
2026-01-01T08:44:22Z WARN scheduler queued entry 8815
2026-01-01T08:44:39Z INFO cache queued request 8657
2026-01-01T08:44:54Z ERROR ingest queued job 8979
2026-01-01T08:45:03Z DEBUG cache scheduled chunk 7869
2026-01-01T08:45:06Z DEBUG cache rejected batch 3882
2026-01-01T08:45:12Z WARN api dropped job 5869
2026-01-01T08:45:44Z INFO parser validated batch 78
2026-01-01T08:45:56Z WARN scheduler scheduled entry 6952
2026-01-01T08:46:10Z ERROR cache flushed entry 6460
2026-01-01T08:46:20Z WARN api rejected chunk 1357
2026-01-01T08:46:22Z INFO ingest validated chunk 4371
2026-01-01T08:46:48Z INFO scheduler scheduled segment 7916
2026-01-01T08:47:01Z INFO scheduler rejected entry 1592
2026-01-01T08:47:21Z INFO api dropped entry 9020
2026-01-01T08:47:40Z DEBUG ingest processed job 7920
2026-01-01T08:47:53Z DEBUG api flushed job 5414
2026-01-01T08:48:01Z INFO cache scheduled entry 483
2026-01-01T08:48:10Z WARN scheduler rejected request 5973
2026-01-01T08:48:29Z DEBUG parser queued entry 3178
2026-01-01T08:48:53Z INFO api dropped job 1243
2026-01-01T08:48:56Z INFO cache validated segment 1231
2026-01-01T08:49:27Z INFO parser flushed entry 2726
2026-01-01T08:50:01Z DEBUG parser queued record 3869
2026-01-01T08:50:07Z INFO scheduler retried entry 1275
2026-01-01T08:50:34Z INFO scheduler flushed request 2639
2026-01-01T08:51:05Z DEBUG scheduler dropped segment 460
2026-01-01T08:51:42Z DEBUG api flushed chunk 9834
2026-01-01T08:51:50Z DEBUG api queued segment 1653
2026-01-01T08:52:12Z DEBUG cache processed chunk 3425
2026-01-01T08:52:31Z INFO scheduler processed job 8893
2026-01-01T08:52:48Z WARN scheduler processed entry 9268
2026-01-01T08:53:25Z DEBUG ingest scheduled chunk 5807
2026-01-01T08:53:43Z INFO parser flushed entry 23
2026-01-01T08:53:49Z DEBUG cache queued batch 5796
2026-01-01T08:53:52Z DEBUG scheduler rejected chunk 3447
2026-01-01T08:54:02Z DEBUG cache retried chunk 9541
2026-01-01T08:54:39Z INFO api scheduled segment 5922
2026-01-01T08:54:43Z INFO api flushed job 8259
2026-01-01T08:55:02Z INFO ingest validated record 8514
2026-01-01T08:55:04Z WARN api retried segment 8152
2026-01-01T08:55:35Z DEBUG scheduler rejected segment 4024
2026-01-01T08:56:09Z INFO scheduler queued entry 9618
2026-01-01T08:56:33Z DEBUG cache rejected entry 6179
2026-01-01T08:56:59Z INFO ingest validated chunk 7454
2026-01-01T08:57:15Z INFO api scheduled chunk 1427
2026-01-01T08:57:31Z WARN api retried record 2210
2026-01-01T08:57:53Z INFO parser validated segment 4690
2026-01-01T08:58:12Z INFO scheduler validated chunk 358
2026-01-01T08:58:24Z ERROR scheduler validated job 981
2026-01-01T08:58:56Z INFO parser processed segment 259
2026-01-01T08:59:24Z WARN scheduler scheduled chunk 8576
2026-01-01T08:59:59Z INFO scheduler rejected chunk 5829
2026-01-01T09:00:38Z DEBUG ingest dropped request 4664
2026-01-01T09:01:03Z INFO parser validated record 3807
2026-01-01T09:01:30Z INFO ingest processed entry 778
2026-01-01T09:02:02Z INFO scheduler dropped job 2783
2026-01-01T09:02:05Z WARN cache rejected chunk 7222
2026-01-01T09:02:16Z DEBUG ingest retried segment 4230
2026-01-01T09:02:51Z ERROR ingest processed entry 2944
2026-01-01T09:03:18Z DEBUG api scheduled record 9393
2026-01-01T09:03:24Z DEBUG scheduler processed chunk 9572
2026-01-01T09:03:41Z INFO parser flushed entry 4975
2026-01-01T09:03:59Z DEBUG scheduler retried batch 6616
2026-01-01T09:04:29Z INFO parser flushed batch 1126
2026-01-01T09:04:30Z INFO parser rejected job 7238
2026-01-01T09:04:45Z INFO ingest queued task 5993
2026-01-01T09:05:24Z INFO parser scheduled task 7971
2026-01-01T09:05:32Z WARN api flushed entry 7353
2026-01-01T09:05:53Z INFO api rejected entry 7342
2026-01-01T09:06:07Z INFO cache rejected job 2192
2026-01-01T09:06:30Z WARN scheduler processed batch 7823
2026-01-01T09:06:56Z WARN ingest queued batch 389
2026-01-01T09:07:13Z DEBUG ingest validated segment 9138
2026-01-01T09:07:25Z WARN parser validated job 4166
2026-01-01T09:07:56Z INFO ingest scheduled request 70
2026-01-01T09:08:31Z INFO ingest flushed entry 8058
2026-01-01T09:08:35Z INFO scheduler flushed batch 1352
2026-01-01T09:09:15Z WARN scheduler queued entry 8033
2026-01-01T09:09:16Z WARN cache rejected task 2379
2026-01-01T09:09:49Z DEBUG scheduler queued record 655
2026-01-01T09:10:26Z INFO api rejected entry 4977
2026-01-01T09:10:27Z DEBUG ingest rejected request 9175
2026-01-01T09:10:38Z DEBUG scheduler queued batch 8521
2026-01-01T09:10:52Z WARN cache validated entry 46
2026-01-01T09:11:13Z INFO cache scheduled request 3569
2026-01-01T09:11:15Z DEBUG api queued task 8050
2026-01-01T09:11:19Z INFO scheduler queued task 1108
2026-01-01T09:11:41Z DEBUG cache rejected segment 8564
2026-01-01T09:12:02Z DEBUG api validated batch 7178
2026-01-01T09:12:29Z WARN scheduler processed chunk 6937
2026-01-01T09:13:09Z INFO scheduler validated task 964
2026-01-01T09:13:30Z INFO parser validated chunk 7075
2026-01-01T09:13:40Z INFO api flushed job 9317
2026-01-01T09:13:54Z INFO scheduler dropped entry 8097
2026-01-01T09:13:56Z ERROR cache rejected request 781
2026-01-01T09:14:18Z INFO scheduler flushed task 4037
2026-01-01T09:14:34Z INFO cache scheduled entry 1770
2026-01-01T09:15:03Z DEBUG parser scheduled record 8472
2026-01-01T09:15:10Z DEBUG parser processed entry 3427
2026-01-01T09:15:18Z INFO scheduler dropped segment 1219
2026-01-01T09:15:30Z DEBUG cache validated job 9972
2026-01-01T09:16:06Z DEBUG api scheduled entry 9246
2026-01-01T09:16:19Z INFO ingest scheduled task 230
2026-01-01T09:16:45Z WARN api validated segment 8243
2026-01-01T09:16:57Z DEBUG scheduler processed job 6147
2026-01-01T09:17:29Z DEBUG scheduler scheduled task 5896
2026-01-01T09:17:40Z INFO ingest validated batch 9479
2026-01-01T09:17:58Z WARN api validated request 7828
2026-01-01T09:18:12Z WARN scheduler scheduled batch 3999
2026-01-01T09:18:44Z DEBUG scheduler queued task 9697
2026-01-01T09:19:00Z INFO ingest retried segment 1718
2026-01-01T09:19:13Z INFO ingest dropped record 1459
2026-01-01T09:19:22Z INFO ingest retried batch 3682
2026-01-01T09:19:48Z DEBUG parser dropped segment 3704
2026-01-01T09:19:57Z INFO cache processed batch 4431
2026-01-01T09:20:01Z DEBUG scheduler scheduled chunk 8176
2026-01-01T09:20:32Z INFO ingest validated entry 6152
2026-01-01T09:20:51Z WARN api queued record 8498
2026-01-01T09:21:21Z INFO cache scheduled segment 9538
2026-01-01T09:22:00Z INFO scheduler queued chunk 7907
2026-01-01T09:22:31Z INFO api processed entry 963
2026-01-01T09:23:06Z DEBUG scheduler queued entry 8938
2026-01-01T09:23:11Z WARN cache queued request 9335
2026-01-01T09:23:32Z WARN scheduler retried task 4792
2026-01-01T09:23:37Z INFO scheduler scheduled job 5268
2026-01-01T09:23:55Z DEBUG cache retried segment 5654
2026-01-01T09:23:57Z INFO scheduler validated chunk 6234
2026-01-01T09:24:36Z DEBUG api rejected batch 4502
2026-01-01T09:24:39Z INFO parser retried chunk 3142
2026-01-01T09:25:16Z DEBUG parser dropped request 3574
2026-01-01T09:25:54Z INFO scheduler validated chunk 5311
2026-01-01T09:26:21Z DEBUG cache dropped batch 2930
2026-01-01T09:26:32Z INFO cache scheduled job 8499
2026-01-01T09:27:03Z INFO scheduler validated entry 9156
2026-01-01T09:27:05Z INFO scheduler dropped record 8130
2026-01-01T09:27:06Z WARN scheduler processed batch 9302
2026-01-01T09:27:15Z INFO parser retried job 2701
2026-01-01T09:27:34Z DEBUG parser retried task 7612
2026-01-01T09:27:47Z DEBUG api rejected chunk 618
2026-01-01T09:28:03Z DEBUG cache validated request 3529
2026-01-01T09:28:12Z INFO parser queued job 6368
2026-01-01T09:28:28Z INFO ingest processed chunk 620
2026-01-01T09:28:51Z DEBUG ingest processed request 331
2026-01-01T09:29:00Z WARN ingest validated batch 7243
2026-01-01T09:29:15Z DEBUG api retried request 4180
2026-01-01T09:29:36Z INFO cache scheduled record 3366
2026-01-01T09:29:45Z INFO parser scheduled job 5051
2026-01-01T09:29:52Z WARN cache flushed record 9638
2026-01-01T09:29:53Z DEBUG cache rejected segment 2844
2026-01-01T09:30:19Z WARN api flushed record 8986
2026-01-01T09:30:29Z DEBUG cache retried chunk 1261
2026-01-01T09:30:37Z INFO scheduler retried job 2154
2026-01-01T09:31:13Z WARN parser dropped record 1230
2026-01-01T09:31:19Z INFO scheduler retried entry 2499
2026-01-01T09:31:58Z INFO ingest retried chunk 986
2026-01-01T09:32:36Z WARN ingest rejected batch 4157
2026-01-01T09:33:11Z INFO scheduler validated entry 5584
2026-01-01T09:33:48Z INFO api retried request 9187
2026-01-01T09:34:21Z WARN parser validated record 4697
2026-01-01T09:34:53Z INFO api dropped chunk 3661
2026-01-01T09:35:00Z INFO api queued segment 2772
2026-01-01T09:35:29Z INFO ingest validated request 4271
2026-01-01T09:36:07Z DEBUG api validated chunk 570
2026-01-01T09:36:34Z WARN scheduler dropped entry 8871
2026-01-01T09:36:45Z INFO scheduler queued segment 4051
2026-01-01T09:37:22Z WARN scheduler rejected chunk 967
2026-01-01T09:37:26Z INFO ingest queued segment 3284
2026-01-01T09:37:55Z DEBUG cache flushed request 1830
2026-01-01T09:38:33Z INFO cache rejected request 4225
2026-01-01T09:38:40Z INFO parser processed record 5764
2026-01-01T09:39:04Z INFO parser dropped entry 7613
2026-01-01T09:39:43Z INFO cache processed entry 185
2026-01-01T09:40:15Z INFO cache scheduled task 6090
2026-01-01T09:40:44Z DEBUG parser dropped record 2510
2026-01-01T09:41:15Z WARN scheduler queued chunk 8986
2026-01-01T09:41:47Z INFO api dropped entry 4808
2026-01-01T09:42:06Z WARN cache flushed batch 8732
2026-01-01T09:42:16Z WARN ingest retried batch 4495
2026-01-01T09:42:55Z INFO api scheduled segment 4708
2026-01-01T09:43:30Z WARN scheduler scheduled job 1613
2026-01-01T09:43:49Z INFO ingest rejected job 6840
2026-01-01T09:44:25Z ERROR cache validated entry 4592
2026-01-01T09:44:57Z WARN cache dropped request 1041
2026-01-01T09:45:21Z DEBUG parser validated segment 780
2026-01-01T09:45:30Z INFO cache queued entry 9766
2026-01-01T09:45:55Z DEBUG ingest processed segment 1172
2026-01-01T09:46:02Z INFO cache scheduled batch 9737
2026-01-01T09:46:21Z WARN scheduler flushed entry 5488
2026-01-01T09:46:56Z ERROR api flushed batch 5040
2026-01-01T09:47:24Z INFO scheduler queued batch 205
2026-01-01T09:48:04Z INFO cache retried segment 819
2026-01-01T09:48:30Z INFO ingest validated job 3471
2026-01-01T09:49:03Z DEBUG cache flushed job 7905
2026-01-01T09:49:14Z INFO parser validated batch 5585
2026-01-01T09:49:50Z WARN parser dropped task 2508
2026-01-01T09:49:51Z INFO api processed record 5261
2026-01-01T09:50:17Z DEBUG api retried request 5887
2026-01-01T09:50:41Z INFO scheduler processed record 4106
2026-01-01T09:50:52Z WARN scheduler retried task 850
2026-01-01T09:50:53Z INFO parser dropped batch 3235
2026-01-01T09:51:20Z INFO cache rejected job 9927
2026-01-01T09:51:40Z WARN ingest scheduled chunk 9026
2026-01-01T09:51:57Z DEBUG ingest retried record 7610
2026-01-01T09:52:00Z WARN ingest processed chunk 4098
2026-01-01T09:52:02Z DEBUG ingest queued batch 1373
2026-01-01T09:52:36Z INFO scheduler rejected entry 956
2026-01-01T09:52:39Z WARN scheduler rejected chunk 152
2026-01-01T09:53:09Z INFO parser flushed request 9228
2026-01-01T09:53:13Z WARN parser rejected job 4586
2026-01-01T09:53:28Z DEBUG api dropped job 4445
2026-01-01T09:53:38Z INFO cache processed task 5194
2026-01-01T09:53:51Z DEBUG api flushed request 6737
2026-01-01T09:54:31Z DEBUG ingest processed batch 1351
2026-01-01T09:55:03Z DEBUG parser flushed record 1865
2026-01-01T09:55:22Z INFO parser scheduled segment 4387
2026-01-01T09:55:45Z INFO ingest queued chunk 9934
2026-01-01T09:56:25Z DEBUG ingest queued request 9156
2026-01-01T09:56:30Z WARN parser validated batch 4875
2026-01-01T09:57:08Z INFO parser dropped entry 9458
2026-01-01T09:57:23Z INFO ingest rejected record 7840
2026-01-01T09:57:25Z INFO api scheduled record 8713
2026-01-01T09:57:38Z DEBUG api rejected batch 2248
2026-01-01T09:57:47Z WARN ingest scheduled entry 1294
2026-01-01T09:58:18Z INFO cache rejected batch 5276
2026-01-01T09:58:31Z DEBUG api validated chunk 4259
2026-01-01T09:59:10Z INFO cache processed entry 3921
2026-01-01T09:59:35Z INFO parser scheduled batch 2551
2026-01-01T09:59:58Z INFO parser retried job 4420
2026-01-01T10:00:23Z DEBUG api validated batch 5382
2026-01-01T10:00:57Z ERROR cache rejected job 1728
2026-01-01T10:01:16Z INFO cache retried batch 8526
2026-01-01T10:01:19Z DEBUG api dropped task 853
2026-01-01T10:01:54Z DEBUG scheduler retried chunk 3429
2026-01-01T10:02:22Z ERROR api retried request 3956
2026-01-01T10:02:37Z DEBUG scheduler queued request 2337
2026-01-01T10:03:05Z WARN ingest validated entry 2579
2026-01-01T10:03:06Z ERROR scheduler dropped job 7904
2026-01-01T10:03:45Z DEBUG scheduler processed job 8613
2026-01-01T10:04:19Z WARN api validated request 4294
2026-01-01T10:04:48Z INFO parser validated entry 4861
2026-01-01T10:05:03Z DEBUG api scheduled request 671
2026-01-01T10:05:24Z DEBUG api dropped job 9333
2026-01-01T10:05:34Z INFO scheduler retried job 2113
2026-01-01T10:05:55Z DEBUG cache rejected entry 3776
2026-01-01T10:05:58Z DEBUG api dropped segment 5511
2026-01-01T10:06:35Z INFO ingest queued segment 7419
2026-01-01T10:07:13Z INFO ingest retried batch 9363
2026-01-01T10:07:48Z INFO api retried entry 3746
2026-01-01T10:08:11Z INFO scheduler retried entry 4551
2026-01-01T10:08:30Z WARN cache validated chunk 3869
2026-01-01T10:09:03Z INFO scheduler dropped job 2303
2026-01-01T10:09:30Z INFO api validated job 2351
2026-01-01T10:10:01Z INFO api dropped chunk 350
2026-01-01T10:10:27Z INFO parser retried batch 4828
2026-01-01T10:11:00Z INFO scheduler retried request 8249
2026-01-01T10:11:21Z INFO scheduler scheduled segment 5787
2026-01-01T10:11:27Z DEBUG scheduler retried chunk 1112
2026-01-01T10:12:00Z DEBUG ingest validated task 2348
2026-01-01T10:12:25Z INFO parser rejected job 9143
2026-01-01T10:12:43Z DEBUG cache scheduled task 4798
2026-01-01T10:13:04Z WARN parser rejected entry 7991
2026-01-01T10:13:23Z INFO parser retried task 7670
2026-01-01T10:13:55Z INFO parser validated job 5222
2026-01-01T10:14:16Z WARN api retried request 3251
2026-01-01T10:14:54Z ERROR scheduler rejected job 3425
2026-01-01T10:15:12Z INFO cache rejected entry 1928
2026-01-01T10:15:31Z DEBUG scheduler processed segment 2202
2026-01-01T10:15:39Z DEBUG api validated job 7682
2026-01-01T10:15:57Z WARN cache queued job 6182
2026-01-01T10:16:07Z DEBUG cache flushed segment 4895
2026-01-01T10:16:13Z WARN api queued job 9139
2026-01-01T10:16:35Z DEBUG cache flushed chunk 5171
2026-01-01T10:16:41Z INFO cache rejected job 4864
2026-01-01T10:16:58Z INFO parser retried record 6928
2026-01-01T10:17:34Z INFO api rejected task 2258
2026-01-01T10:17:50Z WARN parser validated segment 1125
2026-01-01T10:18:23Z INFO api retried task 7866
2026-01-01T10:18:48Z WARN scheduler retried chunk 6373
2026-01-01T10:19:00Z WARN api validated segment 2822
2026-01-01T10:19:15Z INFO ingest validated segment 5624
2026-01-01T10:19:26Z DEBUG parser rejected segment 6848
2026-01-01T10:20:06Z DEBUG parser processed segment 8122
2026-01-01T10:20:44Z DEBUG cache scheduled request 7272
2026-01-01T10:21:05Z WARN api validated chunk 5609
2026-01-01T10:21:31Z WARN scheduler dropped record 1390
2026-01-01T10:22:01Z WARN cache queued segment 2774
2026-01-01T10:22:16Z DEBUG api scheduled request 7946
2026-01-01T10:22:45Z INFO ingest validated task 9652
2026-01-01T10:23:10Z INFO parser processed entry 4620
2026-01-01T10:23:28Z WARN scheduler processed job 1318
2026-01-01T10:24:07Z DEBUG scheduler scheduled entry 8958
2026-01-01T10:24:26Z INFO ingest processed segment 9310
2026-01-01T10:25:01Z WARN api rejected task 8543
2026-01-01T10:25:38Z DEBUG scheduler processed batch 6950
2026-01-01T10:26:14Z DEBUG api retried record 2970
2026-01-01T10:26:50Z WARN scheduler validated job 8462
2026-01-01T10:27:20Z INFO cache scheduled request 3566
2026-01-01T10:27:44Z WARN scheduler rejected task 4021
2026-01-01T10:28:00Z INFO cache queued job 8773
2026-01-01T10:28:33Z INFO cache retried request 1943
2026-01-01T10:28:50Z INFO parser scheduled entry 6414
2026-01-01T10:29:26Z INFO cache retried entry 6975
2026-01-01T10:29:36Z INFO scheduler scheduled request 8342
2026-01-01T10:29:48Z INFO cache dropped job 1352
2026-01-01T10:30:01Z DEBUG ingest processed entry 9232
2026-01-01T10:30:06Z DEBUG ingest scheduled entry 3675
2026-01-01T10:30:38Z INFO parser rejected entry 9236
2026-01-01T10:31:17Z WARN cache validated batch 3906
2026-01-01T10:31:48Z INFO cache rejected task 1789
2026-01-01T10:31:49Z INFO cache scheduled task 4871
2026-01-01T10:32:18Z DEBUG api flushed chunk 8829
2026-01-01T10:32:40Z INFO parser processed record 8490
2026-01-01T10:33:15Z INFO ingest scheduled record 1554
2026-01-01T10:33:19Z ERROR cache validated entry 7614
2026-01-01T10:33:27Z INFO cache dropped job 5235
2026-01-01T10:33:58Z WARN parser scheduled request 9362
2026-01-01T10:34:13Z INFO scheduler validated job 5533
2026-01-01T10:34:52Z INFO cache validated batch 5522
2026-01-01T10:35:13Z INFO scheduler queued task 1093
2026-01-01T10:35:46Z DEBUG cache dropped batch 5367
2026-01-01T10:35:51Z INFO cache scheduled request 9203
2026-01-01T10:35:54Z INFO scheduler dropped segment 2071
2026-01-01T10:35:58Z DEBUG scheduler rejected chunk 8694
2026-01-01T10:36:37Z WARN scheduler validated batch 2620
2026-01-01T10:36:50Z INFO cache retried job 7032
2026-01-01T10:36:51Z WARN api processed entry 4805
2026-01-01T10:37:17Z INFO api queued chunk 6641
2026-01-01T10:37:39Z INFO cache dropped record 9624
2026-01-01T10:38:16Z INFO parser scheduled task 827
2026-01-01T10:38:37Z INFO api queued request 4726
2026-01-01T10:39:05Z DEBUG cache rejected request 4685
2026-01-01T10:39:26Z INFO cache queued segment 1025
2026-01-01T10:39:52Z DEBUG ingest scheduled segment 9658
2026-01-01T10:40:15Z INFO cache dropped entry 1957
2026-01-01T10:40:38Z INFO cache retried entry 9881
2026-01-01T10:41:05Z INFO scheduler processed batch 5338
2026-01-01T10:41:39Z WARN api rejected record 3249
2026-01-01T10:42:00Z INFO cache retried job 6571
2026-01-01T10:42:09Z INFO parser queued task 5610
2026-01-01T10:42:20Z INFO cache rejected chunk 3131
2026-01-01T10:42:21Z INFO ingest processed task 213
2026-01-01T10:42:43Z INFO ingest queued segment 2431
2026-01-01T10:43:09Z INFO api retried record 4087
2026-01-01T10:43:25Z WARN api processed chunk 7853
2026-01-01T10:43:26Z DEBUG api queued chunk 861
2026-01-01T10:43:28Z ERROR api retried job 1733
2026-01-01T10:43:47Z INFO cache flushed job 8101
2026-01-01T10:44:26Z WARN scheduler flushed batch 180
2026-01-01T10:44:59Z ERROR scheduler dropped task 3151
2026-01-01T10:45:31Z DEBUG api rejected segment 9950
2026-01-01T10:45:41Z WARN ingest scheduled entry 8330
2026-01-01T10:45:50Z DEBUG parser validated request 6573
2026-01-01T10:46:06Z WARN ingest retried job 9772
2026-01-01T10:46:46Z INFO api rejected entry 868
2026-01-01T10:47:07Z INFO api scheduled request 7264
2026-01-01T10:47:11Z INFO ingest queued task 5203
2026-01-01T10:47:23Z INFO ingest queued segment 1664
2026-01-01T10:47:57Z INFO api flushed entry 2505
2026-01-01T10:48:29Z INFO api processed entry 2875
2026-01-01T10:48:36Z INFO parser validated chunk 4812
2026-01-01T10:49:13Z DEBUG parser flushed batch 6207
2026-01-01T10:49:36Z INFO scheduler retried batch 5253
2026-01-01T10:49:57Z INFO cache flushed request 33
2026-01-01T10:50:25Z WARN cache dropped entry 3433
2026-01-01T10:50:47Z DEBUG parser scheduled entry 9436
2026-01-01T10:51:27Z DEBUG parser dropped request 9708
2026-01-01T10:51:37Z ERROR parser flushed task 9946
2026-01-01T10:51:58Z INFO parser rejected chunk 8063
2026-01-01T10:52:17Z DEBUG api retried entry 6350
2026-01-01T10:52:27Z DEBUG cache rejected entry 9304
2026-01-01T10:52:57Z DEBUG ingest retried entry 2594
2026-01-01T10:52:58Z WARN cache flushed job 4108
2026-01-01T10:53:04Z WARN parser flushed request 9224
2026-01-01T10:53:39Z DEBUG api retried entry 2419
2026-01-01T10:54:07Z ERROR scheduler rejected job 1729
2026-01-01T10:54:41Z DEBUG cache retried task 1354
2026-01-01T10:55:21Z INFO ingest dropped chunk 4397
2026-01-01T10:55:47Z DEBUG scheduler queued chunk 1283
2026-01-01T10:56:17Z INFO api rejected chunk 3037
2026-01-01T10:56:52Z ERROR ingest flushed task 2206
2026-01-01T10:57:15Z WARN api queued segment 3350
2026-01-01T10:57:50Z DEBUG scheduler processed entry 2828
2026-01-01T10:58:04Z DEBUG ingest rejected record 6548
2026-01-01T10:58:38Z WARN scheduler validated task 6056
2026-01-01T10:59:08Z INFO scheduler validated record 6729
2026-01-01T10:59:26Z INFO api dropped chunk 1023
2026-01-01T10:59:35Z INFO api rejected record 122
2026-01-01T10:59:44Z WARN parser validated batch 9797
2026-01-01T11:00:22Z INFO ingest flushed request 4890
2026-01-01T11:00:26Z INFO scheduler rejected task 1802
2026-01-01T11:00:46Z DEBUG parser validated batch 5621
2026-01-01T11:01:13Z INFO scheduler queued record 3828
2026-01-01T11:01:44Z INFO cache queued task 445
2026-01-01T11:02:07Z DEBUG api dropped request 5847
2026-01-01T11:02:08Z WARN ingest scheduled entry 1321
2026-01-01T11:02:26Z DEBUG cache scheduled chunk 8912
2026-01-01T11:02:41Z WARN ingest rejected segment 2296
2026-01-01T11:02:56Z INFO ingest rejected record 7571
2026-01-01T11:03:19Z INFO scheduler validated batch 6190
2026-01-01T11:03:41Z INFO cache validated task 5505
2026-01-01T11:04:05Z INFO parser processed task 7825
2026-01-01T11:04:43Z DEBUG parser flushed job 2727
2026-01-01T11:04:49Z WARN scheduler processed batch 987
2026-01-01T11:05:14Z INFO api scheduled task 478
2026-01-01T11:05:19Z DEBUG cache queued record 9141
2026-01-01T11:05:23Z INFO scheduler queued request 5679
2026-01-01T11:05:47Z INFO parser retried segment 6739
2026-01-01T11:05:56Z INFO parser rejected chunk 6654
2026-01-01T11:05:59Z DEBUG api scheduled job 3566
2026-01-01T11:06:19Z INFO scheduler scheduled entry 6750
2026-01-01T11:06:56Z INFO ingest queued batch 3861
2026-01-01T11:07:00Z DEBUG cache queued chunk 7184
2026-01-01T11:07:03Z DEBUG scheduler processed record 4125
2026-01-01T11:07:18Z WARN api flushed entry 1739
2026-01-01T11:07:52Z DEBUG scheduler dropped entry 556
2026-01-01T11:08:20Z INFO scheduler queued job 2633
2026-01-01T11:08:41Z INFO ingest validated entry 4171
2026-01-01T11:09:15Z WARN ingest flushed task 9770
2026-01-01T11:09:25Z DEBUG scheduler rejected request 2184
2026-01-01T11:09:58Z WARN parser dropped record 4905
2026-01-01T11:10:17Z DEBUG ingest queued request 6185
2026-01-01T11:10:21Z DEBUG parser queued record 4109
2026-01-01T11:10:44Z DEBUG scheduler validated batch 7437
2026-01-01T11:11:23Z INFO api retried request 2840
2026-01-01T11:11:36Z WARN scheduler rejected segment 9424
2026-01-01T11:11:58Z DEBUG api dropped chunk 9799
2026-01-01T11:12:10Z DEBUG parser flushed chunk 8002
2026-01-01T11:12:29Z INFO api validated job 393
2026-01-01T11:12:33Z DEBUG api validated job 970
2026-01-01T11:12:43Z WARN scheduler validated segment 2537
2026-01-01T11:13:08Z WARN api retried entry 4195
2026-01-01T11:13:45Z WARN scheduler queued entry 125
2026-01-01T11:14:24Z INFO parser scheduled job 4520
2026-01-01T11:14:32Z DEBUG scheduler processed task 5768
2026-01-01T11:14:41Z INFO ingest queued segment 1021
2026-01-01T11:14:52Z ERROR scheduler dropped job 6305
2026-01-01T11:15:08Z DEBUG cache retried entry 5379
2026-01-01T11:15:11Z INFO api scheduled request 90
2026-01-01T11:15:48Z INFO parser scheduled batch 9797
2026-01-01T11:16:07Z DEBUG scheduler retried chunk 7137
2026-01-01T11:16:09Z DEBUG parser scheduled entry 9212
2026-01-01T11:16:15Z ERROR cache dropped entry 1517
2026-01-01T11:16:39Z ERROR ingest flushed job 2583
2026-01-01T11:17:13Z INFO parser rejected chunk 2111
2026-01-01T11:17:24Z INFO cache processed batch 1197
2026-01-01T11:17:28Z WARN scheduler retried chunk 2564
2026-01-01T11:17:42Z INFO parser flushed record 6093
2026-01-01T11:17:48Z INFO api rejected batch 6963
2026-01-01T11:18:00Z INFO ingest scheduled job 3474
2026-01-01T11:18:13Z INFO cache dropped batch 5643
2026-01-01T11:18:43Z WARN scheduler rejected task 8450
2026-01-01T11:19:03Z INFO cache flushed record 1697
2026-01-01T11:19:18Z WARN ingest retried chunk 5070
2026-01-01T11:19:46Z WARN ingest validated batch 8262
2026-01-01T11:19:47Z INFO cache dropped segment 9385
2026-01-01T11:19:53Z DEBUG api scheduled task 6780
2026-01-01T11:20:32Z INFO api scheduled record 8659
2026-01-01T11:20:35Z INFO cache scheduled job 3904
2026-01-01T11:20:37Z DEBUG api processed chunk 9893
2026-01-01T11:20:41Z DEBUG scheduler validated segment 8935
2026-01-01T11:20:43Z WARN parser validated segment 1764
2026-01-01T11:21:21Z WARN cache flushed task 5739
